Geneid	Entity	Symbol	relative changes	negligible changes	Genes with too high Zero count	Outlier	5_T	10_T	20_T	classification	ProteinSequence	DNASequence
gene-M172_gp35	phage	gene-M172_gp35	0.9614424204434148	0	0	0	597.602546171707	4465.255652190102	17455.43958488677	late	MSARDIPLFTQEQYDYLDKYCFAENTELLTPEELTYKAGQRSVMYKIQTLINQQGPTLVRKEITR	ATGAGTGCAAGAGACATTCCATTATTCACTCAAGAGCAATATGATTACTTAGATAAGTATTGTTTTGCAGAGAATACAGAACTACTTACACCAGAAGAATTAACCTATAAAGCTGGTCAACGTAGTGTAATGTATAAGATACAAACATTAATTAACCAACAAGGTCCTACATTGGTCCGTAAGGAGATTACACGATGA
gene-M172_gp24	phage	gene-M172_gp24	0.3420308070406088	0	0	0	5818.336977615478	13115.22773636994	8031.290092457902	middle	MYLENEFKLEGEQLRSLRSGKIVNGYLNNVGYLVVAVGKKKYLYHRVKFYLAHGYLPKVVDHINGQRTDNRLTNLRAATYSLNNHNTHNRKNATGVKGVYLKHRYGKTRYRAKIVVQGKGIELGLFDVLADAKAAYDKAAEKYYG	ATGTATTTGGAGAATGAGTTCAAGTTAGAAGGCGAACAGCTACGTTCGCTACGCTCAGGTAAGATCGTTAACGGTTACTTAAATAACGTCGGGTATCTAGTAGTCGCTGTAGGTAAGAAAAAGTATCTGTACCATAGAGTGAAGTTCTATCTAGCACATGGTTACTTACCAAAAGTTGTAGATCATATTAATGGTCAACGCACAGATAATCGCCTAACCAACTTACGTGCAGCTACTTACTCATTAAACAACCACAATACGCATAACCGTAAGAATGCTACAGGTGTCAAAGGTGTATATCTTAAACACAGATATGGAAAGACACGCTACCGTGCTAAAATTGTAGTGCAAGGTAAGGGTATTGAATTAGGGTTATTTGATGTATTAGCTGACGCAAAAGCAGCTTATGATAAAGCAGCAGAGAAATATTATGGTTAA
gene-M172_gp16	phage	gene-M172_gp16	0.2972241201040004	0	0	0	27754.6102972028	37192.43709133901	17325.065160604907	middle	MDCIDHGMAGDKDGYGSTCAHEYKGERNKLKLHRLAYCRANNLHIKDIDGKVVMHKCDNPRCINPAHLVLGSITDNNRDRVYKGRYCGAQSICAKLAAEDIAFIRTHYKPRSKVWNTITLARKFGVAHQTISMVTRNIRYKEQVGVTQI	ATGGATTGTATTGATCACGGTATGGCTGGTGATAAAGACGGTTACGGTAGCACTTGTGCGCATGAGTACAAAGGTGAACGTAACAAACTAAAGCTACATAGATTAGCTTATTGTCGAGCGAATAACTTACACATTAAAGATATTGATGGGAAGGTTGTTATGCACAAATGTGATAATCCTAGATGTATCAACCCTGCACATCTTGTTTTAGGCAGTATTACAGATAACAATAGAGACCGTGTATATAAAGGACGTTACTGTGGCGCACAATCCATATGTGCCAAGCTTGCTGCTGAGGATATAGCGTTCATTAGAACACACTATAAACCACGTAGTAAGGTTTGGAATACAATTACACTTGCTAGGAAATTTGGTGTAGCGCATCAGACTATTAGTATGGTAACCCGAAATATACGTTACAAGGAGCAGGTTGGTGTTACACAAATCTGA
gene-M172_gp37	phage	gene-M172_gp37	0.8869509772509999	0	0	0	2674.4069295065065	18731.81091666095	59306.72930785992	late	MKSKGNDFTKTIRALYDEYTDDSLKTRLEMYALWTLPSVFPTGEITVDNGNAEIEHDYQSVGAYLVNRLASRLASTLFPVSTSFFRIEPSQELKDLVDKRGTSTLIDLENKACRRLFFNASYAQIVQALRLLIITGEVLLLRRDNRLRVFSLKNYALLRNNVGEVLEIITREPKRYRELDAETQELLQDRNEDETLDLYTRIRKRNINGVISWKITQEIDGVRLPNYEIYRDKLCPYIPVTWSYMNGDAYGRGYVEEYAGDFAKLSELSQGLTEYQIESLIIRHVYNAQGGFDVESAVNSRNGDWISGNVNAVQNYESGSFQKMNEIRLGLEAIMQRLNVAFMYTGNMREGDRVTAYEIARNADEAEQVLGGVYSQLSQNMHLPLAYLLLYEVRKDFIQAIDRQEIELNILTGLQALSRSSENQALLVAANEIATVAQVFSQVSKRFNLDAIVDKILLSNGIDISEITYSEEEMRAKAMEEQRAAEAQRQQVLQQAGAQLGGNQLENTQAAQLAAGIQ	ATGAAGTCCAAAGGAAATGATTTTACAAAGACTATTCGAGCTTTGTACGATGAATACACGGACGATTCTTTAAAAACAAGATTAGAAATGTATGCACTTTGGACTCTACCTAGCGTGTTCCCGACAGGTGAGATTACGGTAGATAATGGAAATGCTGAGATTGAGCATGACTACCAAAGTGTAGGTGCATATCTAGTGAATCGGTTAGCGTCACGTTTAGCGAGTACGTTATTTCCCGTAAGCACATCTTTCTTTAGAATCGAACCTAGTCAAGAGTTGAAAGACTTAGTTGATAAACGTGGTACAAGTACCCTTATCGACTTAGAGAACAAAGCTTGTCGTCGTTTATTCTTCAACGCATCTTATGCACAGATCGTGCAAGCACTGCGTTTACTTATTATCACTGGTGAAGTTTTATTACTTCGTAGAGATAATCGCCTACGTGTTTTTAGTTTAAAGAATTATGCGTTACTACGCAACAATGTAGGAGAAGTACTTGAGATCATCACACGAGAACCTAAACGTTATCGGGAATTAGATGCTGAGACTCAGGAACTACTACAAGATCGTAACGAGGACGAAACCCTTGATCTTTATACTAGAATCCGTAAGCGTAATATCAATGGAGTAATCTCATGGAAGATTACACAAGAAATAGATGGTGTACGTTTACCAAACTATGAAATCTATCGAGATAAGCTATGCCCATATATTCCTGTAACGTGGAGTTATATGAATGGTGATGCTTACGGTCGTGGTTACGTAGAAGAGTATGCAGGTGACTTTGCTAAGTTATCTGAACTCTCACAAGGTTTAACAGAGTACCAGATTGAATCGTTAATTATCCGTCATGTGTATAATGCACAGGGTGGTTTTGATGTAGAATCTGCTGTGAACTCACGTAACGGTGATTGGATTAGTGGTAACGTTAATGCTGTACAGAACTATGAATCTGGATCATTCCAAAAGATGAATGAGATTCGGTTAGGTTTAGAAGCTATTATGCAACGTCTAAACGTAGCGTTCATGTACACAGGCAATATGCGAGAAGGTGATCGTGTAACAGCCTATGAGATTGCACGTAATGCTGATGAAGCGGAGCAAGTCCTCGGTGGTGTATACTCACAACTATCTCAGAATATGCACTTACCCTTAGCATATCTATTACTTTATGAAGTTCGTAAAGACTTTATTCAGGCGATTGATAGACAAGAAATCGAATTAAATATTCTAACTGGTTTACAAGCATTATCACGTAGTTCAGAAAACCAAGCTTTATTAGTAGCAGCAAATGAGATTGCTACAGTTGCCCAAGTATTCTCACAAGTAAGTAAACGATTTAATCTTGATGCTATTGTAGATAAGATCCTACTTTCTAATGGTATTGATATTTCAGAGATTACATACAGTGAGGAAGAGATGCGGGCTAAGGCTATGGAAGAACAACGTGCAGCAGAAGCACAGCGACAACAAGTACTACAACAAGCTGGCGCACAGTTAGGTGGTAATCAATTAGAAAATACACAGGCTGCTCAATTGGCAGCAGGTATTCAATAG
gene-M172_gp34	phage	gene-M172_gp34	0.5955194443452042	0	0	0	2674.8970472930123	19456.733751788204	23800.539159491604	late	MSDLYQRQIALEESYSHDSIIAGQKQVLDAYQQGRAADVGTGRILLAKAFEVGVEALNAAKKQKIRGVGGKYLKLLSIADPEVLVMAALRDIINACAVPEPVSMQKVLTSIGRMIESESMLVFMQELNPAYTDKTIQYLDNTGTKSVTHRYRTFLAGSKSIQLDWEQWSQEERIGVAKLLVSCLYDATGLFQWAKLDSGMYHIKASEPLAKHFQDAASAARAVVKYPPMLIKPMDWEGQYNGGYLTEWFKHNSPMCGIRFIKKEHKHWVIDNLNNGAELVKAAMNKAQSVPYRINKDILAILRKAVAMRVGILGLPSYQPAPKPAFPFTEDWLKSEATEEELDQFQFWKGLMSSWYTQEAKRVGRQHGILSRIQELVKYQDEERLYFPTFIDWRGRLYFRSSINPQSNDCIKGCLEFAEGKPLGKTGLKWLKIHVANCCGYDKHDPDLKEKWCDDNWNYIKNFINNPFDVDAPEPDTAFTLLQAGLALQSALALPDPTTYVCHVPVAMDATCSGLQHLSALTRDEVGGLYTNLLDNGEDQKSDIYMRVAHIADESKLELADSPAVRQYWVDKPISRNMAKKPVMTYVYGSKLLSTIQGLANDMYEAGMDEIQLDGKTVFTYNRLAKPVGKALRKGVEDTVPKSAEMMNYLQNVVRKNKADAMRWFSPVGVPVVNWAEGMVTKLVAIRSMGISRIAYNYPDNQYNTLRAANGIVPNFVHSMDSSHLCLTILDFDGQVLPIHDSFATHPSDVEAMHVSLRKTFIEMYTQFSIEDFLKFNNIDLEEYTPPLTGNLELSEISKSRYMFG	ATGTCTGATCTATACCAACGCCAAATAGCTCTTGAAGAATCATACAGTCACGATAGTATCATTGCTGGTCAGAAACAAGTACTAGATGCATATCAACAAGGACGTGCTGCTGACGTAGGTACAGGTCGTATCCTATTAGCTAAAGCATTTGAAGTTGGTGTAGAAGCTTTAAATGCAGCTAAGAAACAAAAGATTCGGGGTGTTGGCGGTAAATATTTAAAATTACTTTCTATCGCTGATCCAGAAGTTTTAGTAATGGCTGCATTACGTGATATTATTAATGCATGTGCTGTACCTGAACCAGTGTCTATGCAGAAAGTACTTACGAGTATTGGTCGTATGATTGAGTCAGAGTCTATGTTGGTATTTATGCAAGAGTTAAACCCTGCATATACTGACAAGACTATCCAATATTTAGACAACACAGGTACAAAATCAGTTACCCACCGTTATCGTACATTCTTAGCAGGTTCTAAGTCTATTCAATTAGATTGGGAACAGTGGTCACAAGAGGAGCGTATAGGTGTAGCTAAGTTGTTGGTAAGTTGTTTATATGACGCTACAGGATTATTCCAATGGGCTAAACTGGATAGCGGTATGTACCACATTAAAGCTTCTGAACCCTTAGCGAAGCACTTTCAGGATGCAGCGAGTGCAGCGAGAGCAGTTGTTAAATACCCGCCTATGTTGATCAAACCTATGGATTGGGAAGGACAGTATAACGGTGGGTATTTAACTGAATGGTTTAAACATAACTCACCTATGTGTGGTATTCGCTTTATTAAGAAAGAGCACAAGCATTGGGTTATTGATAACTTAAACAATGGCGCAGAGCTAGTTAAGGCTGCAATGAATAAAGCACAGTCTGTACCTTACAGGATCAATAAAGATATCTTAGCAATCTTACGTAAAGCAGTTGCTATGCGTGTAGGTATTTTAGGTTTACCAAGCTATCAACCTGCACCGAAACCTGCATTTCCTTTTACCGAGGATTGGTTAAAGTCAGAGGCTACTGAGGAAGAATTAGATCAGTTCCAATTCTGGAAAGGTTTAATGAGTTCATGGTATACACAAGAAGCTAAACGTGTTGGTCGTCAACATGGCATCTTAAGTCGTATTCAAGAACTGGTTAAATATCAGGACGAAGAACGTTTATACTTTCCAACGTTTATTGATTGGCGAGGTCGTCTTTATTTCCGTAGTAGTATTAACCCACAGTCCAACGATTGTATTAAAGGTTGTCTTGAATTTGCAGAGGGTAAACCTCTAGGTAAAACAGGACTTAAATGGTTAAAGATTCATGTTGCAAACTGTTGTGGTTATGATAAACATGATCCAGATTTGAAGGAGAAATGGTGTGATGATAACTGGAACTATATTAAGAACTTCATTAATAACCCTTTCGATGTGGATGCACCCGAACCCGACACAGCATTTACCTTATTACAAGCAGGTCTTGCTCTCCAAAGTGCCCTCGCACTTCCAGACCCCACCACTTACGTTTGTCATGTCCCCGTTGCTATGGACGCAACTTGTTCAGGACTCCAACATCTCTCGGCGCTTACTAGAGATGAAGTTGGTGGACTTTACACGAACTTATTAGACAACGGTGAAGACCAGAAGTCTGATATTTATATGCGTGTAGCGCACATAGCAGATGAGTCTAAACTAGAATTAGCTGATTCTCCTGCTGTACGTCAGTATTGGGTGGATAAACCTATTAGTCGTAATATGGCGAAGAAACCTGTGATGACTTACGTATACGGTTCGAAGTTATTATCAACTATTCAAGGCTTAGCTAATGATATGTATGAAGCAGGTATGGATGAGATTCAGTTAGATGGTAAGACAGTCTTTACTTACAACCGATTAGCTAAACCAGTTGGTAAGGCATTACGTAAAGGTGTCGAAGATACTGTACCTAAATCTGCTGAGATGATGAACTACTTGCAGAACGTTGTACGTAAAAATAAAGCTGATGCTATGCGTTGGTTTAGTCCAGTAGGTGTTCCTGTTGTGAATTGGGCAGAAGGTATGGTGACTAAACTTGTAGCAATTCGTTCGATGGGAATCTCCAGAATTGCTTATAATTATCCAGATAACCAATATAATACCTTAAGAGCAGCTAACGGTATTGTACCTAACTTTGTACATAGTATGGATAGCAGTCACTTATGTTTAACTATCTTAGATTTCGATGGTCAAGTTCTACCAATTCATGACTCATTCGCAACCCATCCTAGTGATGTGGAAGCTATGCATGTATCATTACGTAAGACATTCATTGAAATGTATACACAATTCAGTATTGAAGACTTCTTAAAGTTTAACAATATTGATCTTGAAGAGTACACACCACCACTTACAGGTAACTTAGAGTTATCGGAAATTTCTAAATCCCGTTATATGTTTGGTTAA
gene-M172_gp48	phage	gene-M172_gp48	1.1170075589959343	0	0	0	96.77313720490966	643.0982329114157	4405.999982795461	late	MGVAGATVTALVPSGKPLAERVISWIVGVILCSTFSANGLYRPYRQFDQLTYVIMKL	ATGGGGGTGGCTGGTGCAACAGTCACCGCCCTAGTGCCTTCTGGTAAGCCGTTAGCTGAACGAGTTATTAGTTGGATTGTAGGTGTTATTTTGTGTAGCACTTTCAGCGCCAATGGTCTGTACCGCCCCTATAGACAATTTGACCAACTAACTTACGTGATAATGAAGCTATGA
gene-M172_gp39	phage	gene-M172_gp39	1.014763041676529	0	0	0	2264.1145366243054	14959.403652792487	70646.16923214891	late	MAGANYFADGSTRFHWGGDESNIDQHLEIYEGTVDTQFEYTQIFKSLSTQKSVAERSNQIRIDRLGASQALYRQSGEDILDQRVNSDKLNVVVEAMLYIRNPVDKMDEWTAPSFWTEMGRNNGTTFGLEYDQAHIIRLQKAPAWVAPAHLKEHGEFHDGFFVPVTIKGGDNLTDAELEQNASALVKAHAKARDTLAKRRVPLQDMVTLVDVDTFSALLHHPKLINKDYTAENGDFANRRVVKVNGIPVVENTAFPTAAITGHGLSTTENGNAFDVTAEEIKGRMIIFSKALSLVTVTAQEWTVEPWYDPRSKSKILDCYSMFTVDVRRPDTVGVVRITEQVTP	ATGGCAGGTGCTAATTACTTCGCAGATGGTTCAACACGATTTCATTGGGGTGGTGATGAATCTAATATCGACCAACATTTAGAAATTTATGAAGGTACGGTAGATACTCAGTTTGAGTATACACAAATTTTCAAATCGTTGTCAACACAGAAATCTGTGGCTGAACGTTCTAACCAAATCCGTATTGACCGTTTAGGTGCTTCTCAAGCATTATACCGTCAATCTGGTGAAGACATTCTGGATCAACGTGTTAATTCTGATAAACTTAACGTAGTTGTAGAGGCTATGCTTTACATCCGTAACCCTGTCGATAAGATGGATGAATGGACTGCACCTAGCTTCTGGACGGAGATGGGACGTAACAACGGTACTACTTTTGGTTTAGAGTACGACCAAGCACATATCATCCGTTTACAGAAAGCCCCAGCTTGGGTAGCACCTGCTCACTTGAAAGAGCATGGTGAGTTCCACGACGGCTTCTTCGTCCCTGTAACAATTAAAGGTGGTGATAACTTAACTGATGCAGAGTTAGAGCAAAATGCTTCTGCACTTGTTAAAGCTCACGCTAAAGCTCGTGATACATTAGCTAAACGTCGTGTACCTTTACAGGACATGGTTACTTTAGTTGACGTAGATACGTTCTCAGCGTTGTTACATCATCCTAAGTTAATCAACAAGGATTACACAGCAGAAAACGGTGACTTTGCTAACCGTCGTGTGGTTAAAGTGAATGGTATCCCTGTAGTAGAGAATACTGCATTCCCTACAGCAGCTATCACTGGTCACGGTTTATCTACTACTGAAAATGGTAACGCATTCGACGTAACTGCTGAGGAGATTAAAGGTCGTATGATCATCTTCTCTAAAGCGCTATCTCTTGTGACTGTAACAGCTCAAGAGTGGACTGTTGAACCGTGGTATGATCCACGTTCTAAGTCTAAGATTCTTGACTGCTACTCTATGTTCACTGTAGATGTACGTCGTCCAGACACAGTTGGTGTTGTTCGTATTACTGAACAAGTTACACCTTAA
gene-M172_gp46	phage	gene-M172_gp46	1.0155080302372883	0	0	0	1431.220786777592	11302.980550334229	52193.186962396125	late	MAGLFTGTQESKLLPEVQPELPIVPAGNVPKINHVINTQPQGQADEVDLTTETQQLESLERETPPSILDTAIAGFAPTGRDWLRSGMDKLRYDRDPNFTPDEFTDQFFKDWGMQHADEAEYLNKAVNYEDWKSRTERIVSKREDAKALAENPITGIAASLIDIDLPLAAIPYLGWAAKGSRMAQMGVRAAQAATAAGAAYGVNLALEGQSIRSEDERFMDSITFGLGAGLRAIKPVQHLDDAVSAELKSLGSTDHLIEPHVQQSLETAKEDIIKSTSMPISTPSGAPSDIIKKHGWLAELSSSYDKLYYLTQGDNSTLVNRLLTGVHNNGDDVATAQAAYLNNYSWRLAGLEKDLSDAVSEITLVKPNPITRNNGSYGRATQETMEKFQESMQRLDAKVLELTEQLGQVPSDATIKQLINTIEPHPSMQRVMRTYIDSGFATRVLDDAKAVGFLEAEGADQIVRRSTYMPVRHSYDRILDAVENRKLGSWDDIAHFYGKQITRIYPELLNPKGNFKLTEKQVGQHFLQTQRDAARNLSEVATTGMTKEQIHDVLTRAGLSNADASGVTARMFEASKDAQGQPKNLRKRMDWDWNMTYKSSTGKTFGMKDLTDSSTFGNLEEYSRRMAARNGLAQYGIKSEVELDNLLTSYLDKLPKGQDPQKARKFFQAVRDDLLGRPIGEAAPEALRTSQAVADMMLLANSGLYGIIDVATQVYKTGVVRSFPHIYRGLKTAVKGMKGFSTSEAKTLEDIFTGKLIAPSRWKNFMSHYSDGYSVSNGIHEAAQYYSQSTRFLNLSEYLKRFQIGMLMGVYGDVLRGVANGNARDIKYMKSKMKVSDELLSAIQTEWKAKGGNIDSWSNATRAALEQKIFNESDNLAFNIQKGEVPSILEHSTMGKVVFPYMRYAFAMQQKVLRRTLNRDGAVGLALLMAAQMPAAMLVGAAINVRNGKEPDEDLAKMTVKTMSALGSWNYPLEMLIGGVDQSSVTALAPLGKTWNFVSELATGEPDLITLKKNSIANSAVLLDALALAFED	ATGGCTGGACTTTTTACAGGAACACAAGAATCTAAATTGTTACCAGAGGTTCAGCCTGAACTACCTATTGTTCCTGCTGGTAATGTACCTAAAATTAATCATGTTATAAATACACAACCACAAGGTCAAGCTGACGAAGTTGACCTTACTACCGAGACTCAACAGTTAGAGAGCTTAGAGCGAGAAACACCTCCATCTATATTGGATACAGCTATCGCAGGATTTGCACCTACTGGACGAGATTGGTTACGTAGTGGTATGGATAAATTAAGATATGACCGAGACCCTAACTTTACACCTGACGAATTTACAGATCAGTTCTTTAAAGATTGGGGTATGCAACATGCAGATGAAGCGGAATATCTTAACAAAGCAGTAAACTATGAAGATTGGAAAAGTCGTACAGAACGTATCGTGTCTAAACGTGAAGATGCTAAAGCATTAGCAGAGAACCCTATTACAGGTATCGCAGCTAGTCTTATTGACATCGACTTACCTTTGGCAGCTATCCCTTATTTAGGTTGGGCAGCTAAAGGTTCACGTATGGCTCAGATGGGTGTACGTGCAGCACAGGCAGCTACAGCAGCAGGTGCAGCTTATGGTGTAAACTTAGCCTTAGAGGGTCAATCTATTCGGTCTGAGGACGAACGTTTTATGGATTCCATTACGTTTGGTCTAGGTGCTGGGTTACGTGCTATTAAACCTGTACAACATCTTGATGATGCTGTTAGTGCTGAACTCAAAAGTTTAGGCTCTACAGACCATCTTATCGAACCACATGTACAGCAGTCTTTAGAGACTGCTAAAGAGGATATTATTAAATCTACATCTATGCCTATTAGTACACCGAGTGGCGCACCTTCCGATATAATTAAAAAACATGGTTGGTTGGCAGAGTTGTCTAGCTCTTATGATAAGCTTTATTATTTGACTCAAGGTGATAATTCAACACTGGTTAATCGTTTATTAACAGGTGTACACAACAATGGTGATGATGTAGCTACAGCACAAGCAGCGTACTTAAACAACTATTCATGGCGTTTGGCTGGTTTAGAGAAAGATTTAAGTGATGCTGTATCAGAGATTACGTTGGTTAAACCTAATCCTATTACTCGAAATAATGGATCGTATGGTAGAGCCACACAAGAAACAATGGAGAAGTTCCAAGAGTCCATGCAACGCTTAGACGCTAAAGTCTTAGAATTAACAGAGCAATTAGGTCAAGTACCTTCTGATGCAACTATCAAGCAACTTATTAATACTATTGAACCGCATCCAAGTATGCAACGTGTTATGCGAACCTATATTGATTCAGGTTTTGCTACACGTGTACTAGATGATGCTAAAGCGGTAGGATTCTTAGAAGCAGAAGGTGCTGATCAGATTGTACGTCGTAGTACTTATATGCCTGTACGTCATAGTTATGATCGTATATTAGATGCAGTCGAGAATCGTAAGCTAGGTTCATGGGATGATATTGCTCATTTCTATGGCAAGCAGATTACCCGTATCTACCCTGAACTGTTAAACCCTAAAGGTAATTTCAAATTAACTGAGAAGCAGGTTGGTCAACACTTCTTGCAAACGCAACGTGATGCTGCTAGGAACTTATCTGAGGTAGCAACCACAGGTATGACTAAGGAGCAGATTCATGACGTACTTACGCGTGCAGGTTTAAGTAATGCGGATGCTAGTGGTGTAACTGCTCGTATGTTTGAAGCTTCTAAAGATGCACAAGGTCAACCTAAGAACCTACGTAAGCGTATGGATTGGGATTGGAATATGACTTATAAGTCTAGTACTGGTAAAACATTCGGTATGAAAGACTTAACAGATTCCAGTACCTTTGGTAATCTTGAAGAGTATTCGCGTCGTATGGCTGCTCGTAACGGTCTAGCACAGTACGGTATTAAGTCTGAGGTAGAGTTAGATAACCTATTAACTTCATACTTAGATAAATTACCTAAAGGGCAAGACCCACAGAAAGCACGTAAGTTCTTTCAAGCAGTACGTGATGACTTACTAGGGCGTCCTATCGGTGAAGCTGCACCAGAAGCTTTACGCACATCTCAAGCAGTAGCAGATATGATGTTACTAGCTAACTCAGGTCTATACGGTATTATCGACGTAGCGACTCAGGTTTATAAGACGGGTGTAGTACGTAGCTTCCCACATATCTATCGTGGTCTAAAGACTGCTGTTAAAGGTATGAAAGGGTTTAGTACTTCTGAGGCTAAGACGTTGGAGGACATCTTCACAGGTAAACTTATTGCACCTTCACGCTGGAAGAACTTCATGAGTCATTATTCAGATGGTTATTCAGTATCTAATGGTATTCATGAGGCTGCACAGTACTACAGCCAGAGTACACGTTTCCTAAACTTATCTGAGTATCTTAAACGATTCCAGATCGGTATGTTAATGGGTGTATATGGTGATGTATTACGTGGTGTTGCTAATGGTAATGCTCGTGATATTAAGTACATGAAGAGCAAGATGAAGGTATCTGATGAACTGCTTAGCGCTATACAGACTGAATGGAAAGCTAAAGGTGGTAATATCGACTCGTGGTCTAACGCTACCCGTGCTGCTCTTGAACAGAAGATTTTCAATGAATCTGATAACTTAGCATTTAACATCCAGAAAGGCGAAGTACCTAGTATTCTTGAGCATAGTACTATGGGTAAGGTTGTCTTCCCATATATGCGTTATGCGTTTGCTATGCAACAGAAAGTACTACGTCGTACATTGAACCGTGATGGTGCTGTAGGTCTAGCTTTACTCATGGCAGCACAAATGCCCGCAGCTATGCTAGTAGGTGCAGCGATTAACGTGCGTAATGGTAAAGAACCTGATGAGGACCTTGCTAAGATGACAGTTAAGACTATGAGTGCTTTAGGTTCTTGGAACTACCCATTAGAGATGCTTATTGGAGGTGTTGACCAAAGCTCAGTAACAGCTTTAGCCCCGTTAGGTAAAACATGGAATTTTGTGAGTGAGTTGGCTACAGGTGAGCCAGACTTAATTACGCTAAAGAAAAATAGTATTGCTAACTCAGCAGTATTGTTAGATGCTTTGGCACTAGCTTTTGAGGATTGA
gene-M172_gp13	phage	gene-M172_gp13	0.3520476705067858	0	0	0	17935.804197036294	19362.49147427666	7713.910424274852	middle	MRGYNYIAGDRVYRTVPNGLIPKGTKGTVGSCRMDDTVQVQFDNGRTWYCHSKFIKPLVRVVG	ATGCGTGGGTATAATTATATTGCGGGTGATCGGGTTTACCGTACAGTACCGAATGGTTTAATACCAAAAGGTACTAAAGGTACTGTAGGTTCTTGTCGCATGGATGACACGGTGCAGGTACAGTTCGATAATGGACGTACATGGTACTGTCATAGTAAATTTATTAAACCTTTAGTGAGAGTAGTCGGATGA
gene-M172_gp27	phage	gene-M172_gp27	0.4394817065138147	0	0	0	5792.53702351747	20835.164301822035	16890.698047023554	middle	MNALLAQAAAAIEAGKVQLDMTETTSGGFEKRLLGEGTAIVQFTQYIDHGIQKQKPFKGQPKKPAKTASLGFHILAGIGTLPDGTKEPYVQDGKLEKIRTRFDIVLHQNEKSNAVKIFNALNYAKDATHFVQKLGSIYLLSIGIEKGKDGKEYNTYDFSQLQKPIANAMTGAMYEAGKDGVADTPAEEYQLFLWDAPTKEQWDSIFIEGEYDKKTKDANGNEVVEKKSKNFIQEKIRSATNFKGSPIDLLLISQGEDLPALEAEVEEADPNDQHVEEDKADIPAVPTVDLPAVPAV	ATGAACGCATTATTAGCACAAGCAGCAGCAGCAATCGAAGCAGGTAAAGTACAATTAGACATGACGGAAACTACATCAGGTGGTTTTGAGAAACGTCTGTTAGGTGAAGGTACAGCAATTGTACAGTTCACACAATATATTGATCATGGTATTCAGAAACAGAAACCATTCAAAGGTCAACCTAAGAAACCAGCTAAGACTGCTTCTTTAGGATTCCACATCCTTGCTGGTATTGGTACTCTCCCTGATGGTACAAAAGAACCATACGTACAAGACGGTAAGCTTGAAAAGATTCGTACACGCTTTGACATTGTTTTACACCAAAACGAAAAATCTAACGCTGTTAAAATCTTCAATGCATTGAACTATGCTAAAGATGCAACACACTTTGTACAGAAACTCGGTAGCATTTACTTATTATCTATTGGTATTGAGAAAGGTAAAGACGGTAAAGAATATAACACTTATGACTTCTCCCAATTACAGAAACCAATTGCTAATGCAATGACGGGTGCTATGTATGAAGCAGGTAAGGATGGCGTAGCAGATACCCCAGCAGAAGAATATCAATTGTTCTTGTGGGATGCACCTACTAAAGAACAATGGGATTCAATCTTCATTGAAGGTGAATATGATAAGAAAACTAAGGATGCAAATGGTAATGAAGTTGTTGAGAAGAAAAGTAAGAACTTCATCCAAGAAAAAATCCGTAGTGCTACAAACTTCAAAGGTTCACCAATTGATCTATTGTTGATTAGCCAAGGTGAAGATTTACCAGCACTTGAAGCTGAGGTAGAAGAAGCTGACCCTAATGATCAACATGTTGAGGAAGATAAGGCAGATATTCCTGCGGTCCCAACAGTAGACCTCCCAGCAGTTCCAGCCGTTTAA
gene-M172_gp23	phage	gene-M172_gp23	0.3363306097947107	0	0	0	10582.52639326484	21676.495911141363	11970.289785973777	middle	MKHNWIILDFEVENYEYCGSLASPHCPENYVVAAGWACDNGPVKSEYYTEPNQWAASTAFDEDLLNSKVLVAHNLSFELHWLLATKFELIKKFLNNGGRVFCTQYAEFLITHQTEMYPKLEDCSIKYGGTKKIDAVKLLWEQGYKTSEIDQALLMEYLADEHSGDVANTRRVCFAQVAYMQEVGMYEMAKMRMDSLLFNAIATYNGLYVNMDVAKKNMDEQYKRIAELQEDVRSYLPKDLPAELEFSFTSGYHMSAFLFGGTITYDKKVPYDPPKFVKGEYYVFGE	ATGAAACATAATTGGATTATTCTGGATTTTGAGGTGGAGAACTATGAGTACTGTGGATCACTGGCTAGTCCACATTGCCCTGAGAACTATGTAGTAGCTGCTGGTTGGGCGTGTGATAATGGTCCAGTTAAATCCGAATATTATACAGAACCTAATCAATGGGCAGCATCTACAGCATTTGATGAAGACTTATTAAACTCTAAGGTATTAGTAGCACACAACTTATCTTTTGAGCTACATTGGTTACTTGCAACTAAGTTTGAACTTATTAAGAAGTTCTTAAATAATGGTGGTCGTGTATTCTGTACTCAATATGCAGAGTTCTTAATTACACATCAAACTGAAATGTATCCTAAGCTTGAAGATTGTTCTATTAAGTACGGTGGTACTAAAAAGATTGATGCGGTTAAGTTACTTTGGGAACAAGGTTATAAGACTTCTGAAATCGACCAAGCATTATTAATGGAATACTTAGCTGATGAGCATAGTGGTGACGTAGCGAATACACGTCGAGTATGTTTTGCTCAGGTAGCGTACATGCAAGAAGTCGGTATGTACGAAATGGCTAAGATGCGTATGGATAGTTTATTATTTAATGCTATCGCAACCTATAACGGTTTGTACGTAAACATGGATGTAGCTAAGAAGAACATGGACGAACAGTACAAACGTATTGCAGAGTTACAAGAGGATGTTCGTAGTTATCTACCGAAAGATTTACCTGCTGAGTTAGAGTTCTCATTCACTTCTGGTTATCATATGAGTGCGTTCTTATTTGGCGGTACGATTACCTACGATAAGAAAGTTCCTTACGACCCTCCTAAGTTTGTTAAAGGAGAATACTATGTATTTGGAGAATGA
gene-M172_gp22	phage	gene-M172_gp22	0.3504671657312771	0	0	0	7311.758496902303	13942.92767295333	6829.226040766826	middle	MLTDCIDHGKTKSLSPEGYVMVLNPYKKPRISRLHRIVYCQSNNIHMQDIEGLVVRHKCDNPRCVNPEHLEIGTLADNNKDRAKRGRSAKVVPSKYKLTTEDISTIRSRYIKGKAGKYNPNGYAALAKEYNVDEKVIYNVVKHKGRYA	ATGCTAACCGACTGTATAGATCATGGTAAAACTAAATCACTAAGTCCCGAAGGTTATGTTATGGTACTTAATCCATATAAGAAACCTAGAATTAGTAGACTACATCGCATTGTATACTGTCAGTCTAATAATATACATATGCAAGATATTGAAGGTTTAGTTGTGAGGCATAAGTGTGATAACCCTAGATGTGTTAATCCTGAGCATTTAGAGATCGGCACACTTGCGGATAACAATAAAGATCGTGCTAAACGTGGTCGATCTGCTAAGGTTGTACCTTCGAAATATAAGCTTACTACTGAGGATATATCCACTATACGTAGTAGGTACATTAAAGGTAAAGCAGGGAAATATAACCCTAATGGCTATGCTGCATTAGCTAAGGAATATAACGTAGATGAGAAAGTTATATACAACGTTGTAAAACACAAAGGTAGATATGCATGA
gene-M172_gp26	phage	gene-M172_gp26	0.4189978092857783	0	0	0	4007.0427360565154	12838.915303987094	9114.29503776184	middle	MFSEELHTLFQYDPDTGTITRLVRMGNYSAGTVCGGVALNGYLVVTYAGKQMLAHRLAWFLHYGKEPPKCIDHINQCKTDNRISNLRAANRSQNQCNIPVSQRSTTGIKGIMPVRGGKLFRAEVCLNGKRYQKHSKDIEVLKRWVVTKREELHKEFASH	ATGTTTAGTGAAGAACTACATACATTGTTTCAGTATGATCCAGACACAGGCACTATTACACGCTTAGTCCGTATGGGTAATTACTCCGCAGGTACAGTGTGTGGTGGTGTAGCCTTAAATGGTTATCTAGTAGTAACCTATGCAGGGAAACAGATGCTAGCTCACAGGCTAGCATGGTTCTTACACTATGGCAAAGAACCTCCGAAGTGCATTGACCATATAAACCAATGTAAGACAGATAATCGTATCTCTAATCTTAGAGCAGCGAATCGTAGTCAAAACCAATGTAATATTCCAGTAAGTCAACGCTCTACTACAGGTATCAAAGGTATTATGCCTGTACGTGGCGGTAAGCTATTTCGTGCAGAAGTATGCTTAAACGGTAAACGTTATCAGAAACACTCAAAAGATATTGAGGTACTAAAGCGTTGGGTAGTAACCAAACGTGAAGAACTTCACAAAGAATTTGCAAGCCATTAA
gene-M172_gp06	phage	gene-M172_gp06	0.4100157674434204	0	0	0	44976.38553198251	35220.482595668735	14433.931976524787	early	MSHIIYGIEPIMTVIAQCLEETLLLQQGQYPIHYSANAEEVPSTGKQVHAMWLCAKNFGSPFLVYSGANDADKLYLSPQVNLLYRAVHDHDHAFAYELGRGTTKYEDERYLNCLMAKRCYEFALANKDIVLAMQVFFIMYHDTVGQVEYFKDKGTFCEDQRAETARRLDECAGYRALKQGRTRIAKAYMLGYMGQCGL	ATGTCACATATAATCTATGGTATCGAACCTATTATGACTGTAATTGCTCAGTGTCTGGAAGAAACCTTGTTATTACAACAAGGACAGTACCCTATACACTATTCAGCTAATGCGGAAGAAGTCCCTAGCACAGGTAAACAAGTGCATGCTATGTGGTTATGTGCTAAGAACTTTGGTTCGCCTTTCCTTGTGTATAGCGGTGCTAACGATGCAGATAAGTTATATTTAAGCCCACAAGTAAACTTACTGTACCGTGCTGTACACGATCATGATCACGCATTTGCTTACGAACTTGGTCGTGGTACAACTAAGTACGAAGACGAACGTTATCTTAACTGCTTAATGGCTAAACGATGTTATGAGTTTGCTTTAGCTAATAAAGACATTGTGTTAGCTATGCAAGTGTTCTTTATAATGTACCATGACACTGTGGGGCAAGTAGAATACTTTAAAGATAAGGGTACTTTCTGCGAAGACCAACGTGCGGAAACAGCACGAAGACTAGATGAATGTGCAGGTTATCGTGCATTGAAACAGGGTCGTACTCGTATTGCTAAAGCGTATATGTTAGGTTATATGGGGCAATGTGGACTATGA
gene-M172_gp15	phage	gene-M172_gp15	0.2871844749871402	0	0	0	18677.345205633203	23212.17021316096	11096.633216046956	middle	MKRKNCVAGQCVQVKKKEQTNGWFQARYRGQFGIIKYLDDDGDVHVEFGDGSQDWGKPHELKKVKGDAS	ATGAAGCGTAAGAATTGTGTTGCAGGTCAGTGTGTTCAAGTTAAGAAGAAGGAACAGACCAATGGGTGGTTCCAAGCACGCTATCGTGGTCAATTCGGCATCATTAAATATTTAGATGATGATGGTGATGTGCATGTTGAGTTCGGGGATGGTTCTCAAGATTGGGGTAAGCCTCATGAACTTAAGAAGGTGAAAGGAGATGCTTCATAG
gene-M172_gp33	phage	gene-M172_gp33	0.5793340249978287	0	0	0	1500.7883460209991	10375.78135981152	11700.457508875035	late	MSYKVGLIGLAGSGKDTVAVILQEALKERGQVFEIDRYAGLLKEAARQVFGENFDDRNVKEVDKFVDLYLADKIIDATDYVYLKLNRSDIDLDEWNALCQKHIDSCTWMSPRKFQQLLGTEVGRAIDPDIWVNYLKNQDRNLIIPDVRFGNEDVDFNILITRHPVPQGKLHASEVYAAELQLSDNPYDYVDYVIHNDGSIDDLKRKVQQLVNKIKI	ATGAGTTATAAGGTAGGTTTAATTGGACTAGCAGGTTCAGGTAAAGACACAGTAGCAGTTATCTTACAAGAGGCTTTAAAAGAAAGAGGTCAAGTGTTTGAAATTGATCGTTATGCAGGCTTACTTAAAGAAGCAGCACGTCAAGTGTTTGGTGAGAACTTTGATGATCGTAATGTGAAGGAGGTGGATAAGTTCGTAGATTTATATCTAGCTGATAAGATTATTGATGCTACTGATTATGTGTACCTTAAGCTTAATAGGTCTGATATAGATTTAGATGAATGGAATGCTTTATGCCAAAAACATATTGACTCTTGTACTTGGATGAGTCCTCGTAAGTTCCAACAACTATTAGGTACAGAAGTAGGGCGTGCTATTGATCCTGATATTTGGGTTAATTATCTTAAGAATCAAGACCGTAACCTAATCATCCCTGATGTTCGTTTTGGTAATGAGGATGTGGACTTCAATATCCTAATTACCCGACACCCTGTACCGCAAGGTAAACTACATGCTTCAGAAGTATACGCAGCCGAACTACAGCTATCTGATAACCCTTATGATTATGTAGACTATGTAATTCATAATGACGGTTCTATTGATGACCTCAAACGTAAAGTCCAACAGTTAGTAAACAAAATTAAAATTTAG
gene-M172_gp54	phage	gene-M172_gp54	1.1437233286699229	0	0	0	61.24623545672964	429.32776669746727	3184.009824746084	late	MKVNLSALKKIKHSDAVNVVSTLGTIVESAKAVNSVQEYKGKDKVNKGLSGASKALDIAAVILNILK	ATGAAGGTAAATCTATCAGCACTAAAGAAGATCAAGCATAGTGATGCAGTTAATGTAGTAAGCACTCTAGGAACAATCGTAGAGAGCGCTAAGGCAGTTAATTCTGTTCAGGAGTACAAAGGTAAGGACAAGGTTAATAAAGGGCTATCAGGAGCTTCTAAAGCGCTAGATATAGCTGCTGTTATTCTTAACATTCTAAAGTAG
gene-M172_gp01	phage	gene-M172_gp01	0.7701235904589308	0	0	0	2340.710537237148	715.1756575239834	343.9403699265014	early	MRQLADHINSTYLSKDVHSDGKLWVIFNHDGKDYQREVKFKPFSNFPIEYINFKGKQYQVNTVKSASA	ATGAGACAATTAGCAGATCATATCAATAGTACGTACCTATCAAAAGATGTACACTCTGATGGTAAGTTATGGGTTATATTTAATCACGATGGTAAAGACTACCAACGAGAGGTTAAGTTTAAACCCTTTAGTAATTTCCCAATTGAGTACATTAATTTCAAAGGTAAACAGTACCAAGTGAATACTGTTAAAAGTGCGTCAGCTTAG
gene-M172_gp19	phage	gene-M172_gp19	0.337950881940496	0	0	0	11759.056819128007	18037.00708741323	7866.302448179793	middle	MAIICVIPKTDAECNQLVSLLHSKNIREISVAKVHTVKPNMSVCVWSSLQEYEFGRNDGFEEWCHTHLTVNQLASKLK	ATGGCTATTATATGTGTTATTCCTAAGACGGATGCGGAGTGTAATCAGTTAGTGTCGTTATTACACTCTAAGAATATCCGAGAGATATCGGTAGCTAAGGTTCACACAGTTAAACCTAATATGTCTGTATGTGTCTGGTCTAGTCTGCAAGAATATGAGTTCGGACGTAATGATGGTTTTGAAGAATGGTGTCATACACACTTAACAGTAAACCAATTAGCTAGTAAGTTGAAATAA
gene-M172_gp28	phage	gene-M172_gp28	0.4675122421406623	0	0	0	1638.3447449903574	6660.9095450468585	5451.725534754408	middle	MYTYIEDEDFQPATPMNCPNCGLVATYTGTCHYCGEKCE	ATGTACACTTATATCGAAGATGAAGACTTTCAACCAGCAACACCAATGAATTGTCCTAATTGTGGATTAGTAGCAACTTATACTGGAACTTGTCATTATTGTGGGGAGAAGTGCGAATGA
gene-M172_gp47	phage	gene-M172_gp47	1.0857653000378884	0	0	0	734.3990593917215	4890.933368607191	29628.545689184397	late	MNILRSFTETVVTTPTDLFPISFEYDEKYDAVHVFLNDVAVEDLGYTVSQVNAVTLKVEPAITEGTVRIERETDIDKMKYIFDAGALFIDQNVDADFRQIVHSQQEVRDGFIKLRGDVLPLVHSLQEALQQAQEASEAAQEAANAAEVAASQTQYYLKYFNPEIVYPKNARIMLDNGDIVKSTVPNNTNNPNSDMTGWVEVNSASQIIDESGLNQQEINNGVKSAAALRLLNPNGEGERIYLTSFNEGQGEGGGVFISKNKGTLVDDGGTILQSSNASIVYVRINFDSLTPEMFGAKGDDISFDNYLALQAAFKHPLPLEIPPKTYYTTRSIWYTSGKKIKGSGHQKSVICKTTNSTETDLPPSFAKDAVIIARYWSANDYAHYCEFDGFLVTSTVKCEFGLYAPRIAESSFSNFKIHNAIKGFYSDDAWMISMIRVTSSSDRPYIVNMGTSITMNSCWAINARGESSYCYEFNNLYYSTLISCGADNNGLDGSPIKALYRVLNSSITFISCASENNHAYKIFHGQGASVTIVKMTAMRFYNKYKVSNPVWGNENALFDLRSETRLDIKDSAFDGLLNTDTSTSPSWINITDTSYLNYSNVRVNIPITGASVNDTTAFGVKWGSATTVILDFGTYKIESCVNLPSNLYNPLSTPTNETYSSIFTRGSVRENGQELSTEDLNNLRYLGTITFKQSKSAGATLANNYPENGGAWVIQQYSDVATNSSNVNTNTTQIAIRKDSNRIYFRCAPYGGIFTPWYKIYHSGNTTVDANGFLKAI	ATGAATATACTACGCTCATTTACAGAGACAGTGGTGACTACACCTACAGACCTTTTCCCTATCAGTTTTGAATATGATGAGAAATATGATGCTGTACATGTCTTTCTTAATGACGTAGCAGTTGAAGACTTGGGGTATACTGTATCTCAAGTTAACGCTGTTACTCTAAAAGTTGAACCTGCTATTACAGAAGGTACGGTTCGTATTGAACGCGAAACAGATATTGATAAGATGAAGTACATCTTTGATGCTGGTGCGTTATTCATTGACCAGAATGTTGATGCAGATTTTAGACAGATCGTGCACTCTCAGCAAGAGGTGCGGGATGGCTTTATTAAACTACGTGGTGATGTACTACCATTAGTGCATAGTTTACAAGAAGCTTTGCAACAAGCACAGGAGGCTAGCGAAGCTGCTCAAGAGGCTGCTAATGCAGCAGAAGTAGCTGCTTCACAAACACAGTACTACTTAAAGTACTTCAACCCTGAAATAGTGTACCCTAAAAATGCGCGCATTATGCTTGATAATGGGGATATTGTTAAGTCTACTGTGCCTAATAATACAAATAACCCTAATAGTGATATGACTGGTTGGGTGGAAGTTAATAGTGCAAGTCAAATTATTGACGAAAGCGGATTAAATCAGCAGGAGATTAATAACGGTGTTAAATCTGCCGCAGCATTGAGATTATTAAATCCCAATGGTGAGGGCGAAAGGATTTACCTGACATCATTTAATGAGGGGCAAGGTGAGGGTGGTGGTGTTTTTATTAGTAAAAATAAAGGCACTTTAGTTGATGATGGTGGTACTATTTTACAGAGTTCAAATGCTTCTATTGTATATGTTCGTATTAACTTTGATTCCTTAACGCCTGAAATGTTTGGCGCTAAAGGTGATGACATTTCATTTGACAATTATTTAGCACTTCAAGCAGCTTTTAAACACCCCCTTCCCCTCGAAATTCCACCAAAAACATACTATACAACACGGTCTATATGGTATACGAGCGGTAAAAAAATTAAAGGTTCTGGGCATCAAAAATCAGTGATATGTAAAACAACAAATAGTACAGAAACAGACCTTCCACCCTCTTTTGCTAAAGATGCAGTGATTATTGCTAGGTATTGGTCTGCCAATGATTATGCTCACTATTGTGAATTTGATGGATTCTTGGTAACATCAACTGTTAAATGTGAATTTGGCTTATACGCACCAAGAATCGCCGAATCATCTTTTTCAAATTTTAAGATTCATAATGCTATTAAAGGTTTTTATTCAGATGACGCTTGGATGATATCCATGATTCGGGTGACATCATCATCAGATAGACCATACATTGTAAATATGGGCACTTCTATAACAATGAATAGTTGCTGGGCTATAAACGCACGAGGTGAATCAAGCTATTGTTACGAATTTAATAACCTCTATTACAGCACTCTGATCAGTTGTGGCGCAGACAATAACGGTCTTGATGGCAGCCCAATTAAAGCTCTCTATCGAGTATTAAATAGTAGTATCACTTTTATAAGCTGTGCCTCTGAAAATAATCATGCTTATAAAATATTTCATGGGCAAGGAGCTTCAGTTACTATTGTAAAAATGACAGCAATGCGCTTTTACAATAAATATAAAGTTTCTAATCCTGTTTGGGGTAATGAAAATGCATTATTTGATTTAAGAAGTGAAACCAGATTAGATATTAAGGATAGTGCTTTTGATGGTTTGTTAAATACAGACACATCAACCAGCCCTTCTTGGATAAATATAACTGATACATCGTATTTAAATTATAGTAATGTTCGTGTGAACATACCGATCACAGGCGCATCAGTAAATGATACAACTGCTTTTGGTGTCAAGTGGGGTTCTGCAACTACTGTAATTCTTGATTTCGGAACATATAAGATTGAAAGCTGTGTAAACTTACCAAGCAATCTATACAACCCATTATCAACACCAACAAATGAAACTTACAGCTCTATATTCACAAGGGGTAGTGTTCGAGAAAATGGTCAAGAATTGTCTACAGAAGATTTAAATAATTTGCGATACTTGGGAACAATTACATTCAAGCAGAGTAAGTCAGCAGGGGCAACACTTGCAAATAATTACCCAGAAAATGGTGGTGCTTGGGTTATTCAGCAATATTCTGATGTTGCTACTAACTCGTCAAATGTAAACACGAACACCACTCAGATTGCAATTAGAAAAGACAGTAACAGGATTTATTTCAGATGCGCTCCATACGGGGGGATTTTTACACCTTGGTATAAAATATATCACTCTGGAAATACAACTGTAGATGCAAATGGGTTTTTGAAAGCCATATGA
gene-M172_gp31	phage	gene-M172_gp31	0.5368262135233126	0	0	0	1430.495521019939	8126.276536436209	7992.057856300622	middle	MTARKISRGQLRPIAMKLYKEQGEKCLLCHKPIDFTKMGRDSDYAVDHDHVTGLIRGTLHRSCNAGEGKVINAVGSWGSKSKDHAAIREWLQNLLNYYDYCDAHPTTMIYPSHKTADEKKEAQRVKRNAAARKARAVVKQRKQKGE	ATGACAGCACGTAAGATTTCCAGAGGTCAACTAAGACCTATTGCTATGAAGCTCTATAAGGAGCAAGGTGAGAAGTGTTTACTATGTCACAAGCCGATTGACTTTACTAAGATGGGTAGAGATTCAGATTACGCAGTGGATCATGACCACGTGACAGGTTTAATACGTGGTACTCTTCACCGTTCTTGTAACGCTGGTGAAGGTAAGGTAATTAATGCAGTAGGTTCTTGGGGCAGTAAGTCTAAAGATCATGCAGCAATCCGAGAGTGGTTGCAGAACCTACTTAATTATTATGATTATTGTGATGCACATCCAACGACTATGATTTACCCAAGTCACAAAACAGCCGATGAGAAGAAAGAAGCTCAGCGTGTGAAGCGAAATGCAGCAGCACGAAAAGCACGAGCAGTAGTTAAACAACGTAAACAGAAAGGTGAGTAA
gene-M172_gp11	phage	gene-M172_gp11	0.3347800078485894	0	0	0	28623.28266620212	29949.404999743834	12677.1107911254	middle	MTTENKYPDFCVANYSPEHFKATKKVLADCGIALRYAIPQEDYNPQYDPDNPKGIRVKGNVATVCVTEGGFRAAGLGTPLTIKTRNIYRHVGKLNIFDSAELTDYSPNTKIIELKPVVEYNPFSVKTSLFKKFLITLKAIINHFR	ATGACTACTGAGAACAAATACCCTGACTTCTGTGTTGCTAACTATTCGCCTGAACACTTTAAAGCTACTAAGAAAGTGTTAGCGGACTGTGGTATTGCGTTACGTTACGCGATACCACAGGAAGATTATAACCCTCAGTATGACCCTGATAACCCTAAAGGTATTCGAGTTAAAGGTAACGTTGCTACAGTATGTGTTACCGAAGGGGGTTTTAGAGCTGCTGGATTAGGGACTCCACTTACAATCAAAACTCGAAACATCTATCGACATGTAGGTAAACTAAACATCTTTGATAGTGCAGAACTAACAGATTATTCACCTAATACTAAGATCATTGAGCTTAAGCCTGTGGTTGAATACAACCCATTTAGTGTAAAGACATCGCTGTTTAAGAAGTTCTTAATTACCCTTAAGGCTATCATCAATCACTTTCGTTAA
gene-M172_gp45	phage	gene-M172_gp45	1.003352819393728	0	0	0	1472.6993787348124	10769.370650287208	48164.23144573931	late	MATQIQMPNVRDVQVSNLQAIERPAEGNALSSFMQDILPAADKALQTYNKENADRLIALGRSDQMNDVQREVNWLDGKYYNQGKEYQKLVATQAQQLQQFNARIKEMADSGASSDEMYQVGKEYLTQYTDAIYNSDLDADFKEHLYKEGLKENAVYQKTIKDTQQRVAIDKAYQSTLTLQANYVNTLRTTELSGDELDVLTYAYVNRSVAAKMTADPNLTLEEATKSAQDEIASAFKFIGQQIDPTAQGADQVVNKLRGMVDHAYTKGYVDLDTLTGIRKIADDINVGITNYNDTMADRKVTEYIASVEVGEIPLDSDDYNEQIHAIYSNTNLSEDKKTSLTRQLTNSYVTQHNKVMNADIDINTIDQFPDMIDFIASTGKGEDTFVNLWTQKHLREANGDVLQGGMAMINHAFSGKTDVPELAKKGAEYASSQFTGFMGMTQAEAEKDPYYKNREQVFNTMAGMYRNYSQTNPARAAQLLAGVPEEYRGAVEQLWRNGGRMTDARELVRNPVNRQVRYENIDKATTALTADTTKLDKWFSRGHGGGFWNSQKSAVKDSQLNAIIIAAKAGKFQLAPSTTTASPELLMANMEALGMLQKSPKGYASTVLTPNAANVVKGMKSDNGVPLSSDLLGVVVDKYRQEIAKSLKTRPEDIVVSSDEGGTGLYFQAYDKEGKLVNVSGVAGMQGAQITMNRLRNDMAKEYSNRGSKQLAATKTYSGGLVTGPSNTLYGENMRRYGGAMSGGRARPVTINSNGSLGTFPLKRIGGGTSTVRIPANMAGMFNGNIGLATQLVSNFNTFESFASQQSFVKGVGGASSGNVYGHGIRMDKHPKWKAKFDAVAGDPQGIMKVEADFFNEYFKGMGNRLAKVGVPIPTAAPYPPQYKQSVMLLADAWWHGGGGAADTITRAMNAPTYADGLRILKSMPIYSAGGDTQDKREKHQRNRFYRDALRQHFTAQGKR	ATGGCTACTCAAATTCAGATGCCAAATGTACGTGATGTACAAGTAAGTAATTTACAAGCTATCGAACGTCCAGCAGAAGGTAATGCATTGAGTAGCTTTATGCAAGACATATTACCTGCTGCGGACAAAGCTTTACAAACATATAATAAGGAAAATGCTGATCGTCTTATTGCATTAGGTCGTAGTGATCAAATGAATGACGTACAGCGAGAAGTGAATTGGCTTGATGGTAAATACTATAATCAAGGTAAAGAATACCAGAAGTTAGTAGCTACACAAGCACAACAACTTCAACAATTCAATGCACGTATCAAAGAGATGGCAGACAGTGGTGCAAGCTCGGATGAGATGTACCAAGTAGGTAAAGAGTATTTAACTCAATACACAGATGCTATTTATAACAGCGATCTTGATGCTGACTTTAAAGAACATCTTTATAAGGAAGGTTTAAAAGAGAATGCTGTCTATCAGAAAACTATCAAGGACACACAACAACGTGTTGCTATCGATAAAGCTTATCAGAGTACATTAACATTACAGGCTAACTATGTAAATACATTACGTACTACAGAGTTAAGTGGTGATGAATTAGACGTACTTACTTATGCATACGTGAATCGTTCTGTAGCTGCTAAGATGACTGCTGACCCTAATTTAACATTAGAAGAAGCTACTAAGTCAGCACAGGATGAAATAGCAAGTGCGTTTAAGTTTATCGGGCAGCAAATTGATCCTACAGCACAAGGTGCAGATCAAGTGGTAAATAAACTACGAGGTATGGTAGATCATGCTTATACTAAAGGGTATGTAGATTTAGATACTCTTACAGGTATACGTAAGATTGCTGATGATATTAATGTAGGTATTACTAACTACAATGATACTATGGCTGATCGTAAAGTGACTGAGTATATTGCTAGTGTTGAAGTAGGTGAAATTCCTTTAGATTCTGATGATTATAATGAACAGATACATGCTATTTATAGTAACACTAATTTGAGTGAGGATAAGAAAACATCTTTGACTCGCCAATTAACTAACTCTTATGTAACTCAACATAATAAGGTTATGAATGCGGATATTGATATTAACACTATTGACCAATTCCCTGACATGATTGACTTTATTGCAAGTACAGGTAAGGGTGAAGACACGTTTGTAAACCTTTGGACACAGAAGCATCTACGAGAAGCTAATGGTGATGTTTTACAAGGTGGTATGGCTATGATTAACCACGCCTTCTCAGGTAAGACAGATGTACCAGAATTAGCTAAGAAGGGTGCAGAGTACGCTAGTTCACAATTTACAGGTTTTATGGGTATGACTCAAGCTGAGGCTGAGAAAGACCCTTACTACAAGAACCGTGAGCAAGTGTTTAATACAATGGCAGGTATGTACCGCAATTATTCACAAACAAATCCAGCACGTGCTGCACAGTTGCTTGCAGGTGTTCCAGAAGAATATCGTGGAGCAGTAGAGCAGTTATGGCGTAATGGTGGACGTATGACTGATGCTCGTGAATTAGTGCGTAATCCAGTTAATCGTCAAGTTCGTTACGAGAACATTGATAAAGCGACAACTGCATTGACAGCCGATACAACTAAATTAGATAAATGGTTTAGTCGTGGTCATGGTGGTGGTTTCTGGAATAGTCAGAAATCTGCTGTCAAAGATTCACAACTTAATGCTATTATAATTGCTGCTAAAGCTGGTAAGTTCCAGTTAGCACCAAGTACTACTACAGCTAGTCCTGAACTTCTTATGGCTAACATGGAGGCTTTAGGTATGCTACAGAAATCACCTAAAGGTTATGCGAGTACTGTATTAACACCTAATGCTGCTAATGTAGTGAAAGGTATGAAGTCAGATAACGGTGTTCCTTTAAGTTCTGATCTGTTAGGTGTAGTGGTAGATAAGTATCGTCAAGAAATTGCTAAGAGCCTTAAGACTAGACCAGAGGATATTGTTGTATCTTCTGATGAGGGTGGTACAGGTTTATATTTCCAAGCTTATGACAAAGAAGGTAAGTTAGTAAACGTGTCAGGTGTTGCAGGTATGCAAGGGGCACAGATTACAATGAACCGTCTACGTAACGATATGGCTAAGGAATATAGTAATCGTGGTAGTAAGCAATTAGCTGCTACTAAGACTTACTCAGGTGGTTTAGTTACTGGACCATCAAATACGTTATATGGTGAGAACATGCGTCGCTACGGTGGTGCTATGTCTGGTGGTCGTGCTAGACCTGTTACTATCAATAGTAACGGCAGTCTTGGCACATTCCCACTTAAGCGTATTGGTGGCGGTACAAGTACCGTGCGTATCCCCGCTAACATGGCAGGTATGTTCAATGGTAATATAGGCTTAGCTACACAGCTAGTAAGTAACTTCAATACATTCGAATCTTTCGCATCTCAGCAATCTTTTGTTAAAGGTGTAGGTGGCGCAAGTTCTGGTAATGTATATGGGCATGGTATTCGCATGGATAAACACCCTAAATGGAAGGCTAAGTTTGATGCAGTAGCAGGTGATCCGCAAGGTATTATGAAAGTTGAAGCAGACTTCTTCAATGAATACTTTAAGGGTATGGGTAATCGTCTAGCTAAAGTTGGTGTACCTATTCCTACAGCAGCCCCTTACCCGCCACAGTATAAACAATCTGTTATGTTATTAGCAGATGCATGGTGGCATGGTGGTGGTGGTGCAGCAGATACTATTACACGAGCTATGAATGCACCTACCTATGCAGATGGATTACGTATTCTTAAGAGTATGCCTATCTATTCAGCAGGTGGTGATACACAAGACAAACGAGAGAAACATCAACGTAACCGTTTCTACCGAGACGCATTACGTCAACATTTTACAGCACAAGGTAAACGATAG
gene-M172_gp09	phage	gene-M172_gp09	0.4245407430536588	0	0	0	24164.15712511432	19220.972230126943	7381.169619187942	early	MDVRLQQVIEQYKDKTTPIRLFYMDDDGTDWLEESGCIGYVVYPQGAVSAHDFELVGAGTVLHTAIGKVVDVQTGRILYQHGKYQNPNLYVYGSHLQGWNVKTPDGRVVAFYRTKGPATRLANYLNGVTNSI	ATGGACGTAAGACTTCAACAAGTTATTGAGCAGTACAAAGATAAGACCACACCGATTAGATTGTTCTATATGGATGATGATGGTACTGATTGGTTAGAGGAAAGTGGTTGTATCGGTTATGTTGTTTATCCACAAGGTGCGGTATCTGCCCATGACTTTGAGTTAGTAGGTGCTGGGACTGTACTACATACTGCAATCGGTAAGGTTGTTGATGTGCAGACTGGACGTATTCTGTATCAGCATGGGAAGTACCAGAATCCAAACTTATATGTGTACGGTAGTCACCTACAAGGATGGAATGTAAAGACTCCTGACGGACGTGTGGTAGCGTTCTATCGTACAAAAGGACCAGCTACTCGCTTAGCTAATTACTTGAATGGGGTAACTAACTCTATCTAG
gene-M172_gp20	phage	gene-M172_gp20	0.3509866081483317	0	0	0	29408.011007584377	48513.234847920176	20961.732863348967	middle	MSDREPIDRNVLHALSDKKRFDLLYTSVPKDMLDANTVRLLDWFGVYFKEYPEHQYVDWSAFDTLVKLKGNMTKEQITAMAALTTLLRKPVSDDIIKNTCDQLEVLRFEGEVGMILKRFQSGEEIDLASELEVATQTHKQRVTTQVEALWCDTDIAELIDLSADDSGYKFDCLPDVICDDLKGVTAGKNIALAMPTNAGKTSLFCAIAKSFAVQHKDLVEAGEVEFQPILYLINEGTAEDIMPRVYSTVLGVDSSKLFEMRKELGGDGLREAYKKVVGRIDAIRLVNIHGATTADVNKLISKHKPFCVITDMTGRIRCVGAQAANDVQQLETVWDTMRQFAAIHKMIHIGSIQVSAEGMDMLFPPLSALQNSKTGVQTTLDLAIFGGAWMQPTEDIEYQRGISTPKNKLKRAGKKSYLKAETFFNPDLNTWK	ATGTCTGACCGTGAACCAATTGATCGGAATGTGTTACATGCACTGAGTGATAAGAAGCGTTTCGATCTTCTTTATACGTCTGTACCTAAAGATATGTTAGACGCTAACACAGTCCGATTACTGGATTGGTTTGGTGTTTACTTTAAGGAGTATCCAGAACATCAATATGTAGATTGGTCTGCATTTGATACGCTGGTAAAACTTAAAGGTAACATGACGAAAGAGCAAATCACTGCTATGGCTGCACTAACTACTTTACTACGTAAGCCTGTGAGTGATGATATTATCAAGAATACTTGTGATCAACTTGAAGTACTAAGGTTCGAAGGTGAAGTCGGTATGATCCTTAAGCGCTTCCAGAGCGGTGAGGAGATCGACTTAGCAAGTGAGCTTGAGGTAGCTACACAAACACACAAACAACGCGTTACAACGCAAGTAGAAGCGCTTTGGTGCGACACAGATATTGCAGAGTTAATTGACTTATCTGCTGATGATAGTGGTTATAAGTTCGATTGTTTACCTGATGTTATCTGTGATGATCTTAAAGGTGTAACTGCTGGTAAGAACATTGCACTAGCTATGCCTACCAACGCAGGTAAGACATCATTGTTCTGTGCAATTGCTAAGTCATTTGCAGTACAGCATAAGGACTTGGTAGAAGCTGGTGAGGTAGAGTTCCAGCCTATCTTGTACTTAATTAATGAAGGTACAGCAGAGGACATTATGCCTCGTGTATATAGTACAGTGCTTGGTGTTGATAGCAGTAAGCTGTTCGAAATGCGTAAAGAGTTAGGTGGTGATGGTTTACGTGAGGCTTATAAGAAAGTAGTTGGACGTATTGATGCTATTCGATTAGTGAATATTCATGGTGCAACAACTGCTGATGTTAATAAGTTAATCAGTAAACATAAACCATTCTGTGTAATTACAGACATGACTGGACGTATTCGATGTGTAGGCGCTCAAGCTGCTAACGATGTACAGCAGTTAGAAACGGTGTGGGATACGATGCGACAGTTCGCAGCGATTCATAAGATGATCCATATCGGAAGTATTCAGGTGAGTGCTGAGGGTATGGATATGCTATTCCCACCACTATCTGCATTACAGAACAGTAAAACAGGTGTACAAACTACACTTGACTTAGCCATCTTTGGTGGTGCTTGGATGCAGCCTACAGAGGATATTGAGTACCAACGTGGTATCAGTACACCGAAGAATAAACTTAAACGTGCAGGTAAGAAATCATACCTCAAAGCTGAGACATTCTTTAACCCTGACTTAAACACTTGGAAATGA
gene-M172_gp41	phage	gene-M172_gp41	0.9823734399204594	0	0	0	443.55101778842857	2969.126131457111	12567.998796298634	late	MAGAIGPPIVSEAITGGSSDPQLATIQASIDEIKTAVAAVKTVVDSNKIEIAIVKTNVGTINTNTNTIKTDVGTVKTDTATIKADVAVIKTNTTPTT	ATGGCTGGTGCTATTGGTCCACCGATTGTTTCAGAAGCTATTACAGGTGGTTCATCTGATCCACAGTTGGCTACTATTCAAGCTTCTATTGATGAAATAAAGACTGCGGTTGCAGCAGTTAAAACGGTTGTGGATTCGAACAAAATAGAGATTGCTATAGTTAAGACTAACGTAGGGACTATTAATACGAATACTAACACAATCAAAACAGATGTCGGTACGGTTAAGACTGACACCGCAACAATTAAGGCTGATGTAGCTGTTATTAAAACTAATACTACACCAACCACGTAA
gene-M172_gp29	phage	gene-M172_gp29	0.4884204722171546	0	0	0	3929.787901596009	17648.887594758096	15607.478383789108	middle	MNNILSRFGVTSDSISKVDTYKAGHQGDVLLHDGDSDCYYVCTQYRKMQTILNNFEIAIQEKMFLTGATTARVHLTPTGCAKNGRHLLNTVKPYQGNREGKQKPANLEELRNIAPEHFKDHPTIKVFSHYDIEADDALMIDHYHYQNGILVSADKDLQISPHKSFNMDEGKFETLLKGDRFGWIAKKEWLTPSLKPASKIVGKGTRFFLAQMIMGDVADNVKGLIKLNGKSCGEAAALALLKDVKEEVVAVNLVLDAYRAIDQNPIPEAEALWLLRNREDSAYKYLMEHELSKDNLHFLEDCYHERIWRREPDEDFLY	ATGAATAATATTCTATCACGATTTGGCGTAACCTCAGACAGTATCTCCAAAGTGGATACATACAAAGCAGGTCATCAAGGGGATGTACTATTACATGATGGAGATAGTGACTGCTACTATGTATGCACTCAATATCGTAAGATGCAAACTATTCTTAATAACTTCGAGATTGCTATTCAGGAAAAGATGTTCTTGACAGGTGCGACAACTGCACGAGTTCATTTAACTCCGACAGGTTGTGCTAAGAACGGACGTCATTTACTGAATACAGTTAAACCATATCAAGGTAATCGAGAAGGTAAACAGAAACCTGCTAACTTAGAAGAGTTGCGTAATATTGCACCTGAGCATTTCAAAGATCATCCTACGATCAAGGTGTTTAGTCACTACGACATCGAAGCTGATGATGCTTTAATGATTGACCATTACCATTATCAGAATGGTATCTTAGTAAGTGCAGATAAAGATTTGCAAATATCCCCACACAAATCCTTTAACATGGATGAAGGCAAATTCGAAACACTGCTAAAAGGTGATCGTTTTGGATGGATTGCTAAGAAAGAGTGGTTGACGCCAAGTTTAAAACCCGCATCTAAAATTGTTGGTAAAGGTACTCGTTTCTTTTTAGCACAGATGATTATGGGAGATGTCGCGGATAATGTTAAAGGGTTGATTAAACTAAACGGAAAATCCTGTGGAGAAGCAGCGGCTTTAGCCTTACTTAAAGATGTTAAGGAGGAGGTGGTCGCGGTTAATTTGGTATTAGATGCATATAGAGCCATAGATCAAAACCCGATACCAGAAGCCGAGGCGCTTTGGTTGCTACGTAATAGGGAAGATAGTGCTTATAAATATCTAATGGAACATGAATTATCTAAAGATAACTTACACTTCTTAGAAGATTGTTATCACGAACGAATTTGGAGGAGAGAACCTGATGAAGACTTCTTGTATTGA
gene-M172_gp12	phage	gene-M172_gp12	0.35697196289734	0	0	0	15613.2718259566	16625.92503367304	6536.955252529533	middle	MSIKGYSVAQAYVDELQELTNYEQRKREQRERKNMLKERKLDRRSKREAKRNAWV	ATGTCAATTAAAGGTTATAGTGTTGCACAAGCTTATGTTGATGAGCTTCAAGAACTAACTAACTATGAACAGCGTAAGCGTGAACAACGTGAGCGTAAGAATATGTTAAAAGAGCGTAAGCTAGATCGTCGCTCTAAGCGTGAGGCTAAAAGAAATGCGTGGGTATAA
gene-M172_gp36	phage	gene-M172_gp36	0.9357117434132896	0	0	0	964.0757173639583	7422.20093807117	26650.46317470489	late	MSWLSKALGSVMGMFGIGGQDDLGKKYEEEMRRQAEAQKLQQANEQKEVTQFDDTGGSTFTGADGPRKKRPTGGYSSLGINAY	ATGAGCTGGTTGAGTAAAGCTTTAGGTAGTGTTATGGGTATGTTCGGTATTGGCGGGCAGGATGACCTCGGAAAGAAGTATGAGGAAGAAATGCGTCGTCAAGCAGAAGCTCAGAAACTCCAACAGGCTAACGAACAGAAAGAAGTAACACAATTTGATGATACAGGAGGTAGTACCTTCACAGGTGCAGACGGTCCTCGTAAGAAACGACCCACAGGTGGTTATTCAAGCTTAGGGATTAATGCTTATTAG
gene-M172_gp10	phage	gene-M172_gp10	0.3646560902129314	0	0	0	26075.649961112584	31709.2759281595	12343.08835369196	middle	MTKRNAYPVGKFDNVEWIGNPIYNHKVEQVLRAVLLGDSVLNGLHNVAAKAGGFTYNQQPTDHVRVGKSTVRGWCFEPTTNSFLIRLGVKPSALLLRLAQQHLNGVMLLREQGEDLFIPFAALYQAAYLAVFKPELLNKELNEYVSKHGTPKHFAVEVKGAK	ATGACTAAACGTAACGCTTATCCTGTTGGTAAATTTGATAATGTAGAGTGGATAGGTAATCCTATCTATAACCATAAAGTAGAGCAGGTACTACGTGCTGTATTGCTAGGCGATTCGGTGTTAAATGGTTTACACAATGTAGCTGCTAAAGCTGGTGGATTCACTTACAACCAACAACCTACAGACCATGTTCGTGTAGGTAAGAGTACTGTACGTGGTTGGTGTTTCGAACCTACAACAAACAGCTTCTTAATTCGCTTAGGTGTTAAACCAAGTGCTTTGTTACTACGCTTAGCCCAACAACATCTTAATGGTGTAATGCTGTTACGTGAACAAGGTGAGGACCTATTCATCCCATTCGCTGCGTTATATCAAGCTGCATATTTAGCAGTATTTAAACCTGAGTTACTTAATAAAGAACTCAATGAGTATGTTAGTAAACATGGTACACCTAAACATTTCGCTGTGGAAGTAAAAGGAGCTAAATAA
gene-M172_gp42	phage	gene-M172_gp42	0.863884492941958	0	0	0	520.2101720733925	4185.276812976868	12064.46514126802	late	MTLLEAVNAILPYLGQHVITRVEDSRNPTVSRIVAAIDRQRKSVLAEGHWFNEVPNKVLLLNTDKTIDAPLNTLAIYGITKRVAKRGPKLYDIDNDTRYFTGPVKVKIIYDYPFEELPEYAAQYITYLAGIEVYVSDYGVENSIQLMTERKEANRLLLVQENMRNRKWNSNDAAMRRSRFQRYLRR	ATGACTCTACTTGAAGCTGTAAATGCTATCCTACCTTATTTAGGACAGCATGTTATTACACGTGTAGAAGATTCACGGAACCCTACAGTATCCCGTATCGTTGCAGCTATTGATCGACAACGTAAGAGTGTACTTGCAGAGGGTCACTGGTTTAACGAAGTTCCTAATAAGGTACTATTGTTAAATACAGACAAGACAATTGATGCACCACTTAATACATTAGCTATTTATGGTATTACTAAGCGTGTAGCTAAGCGTGGTCCTAAACTATATGATATTGATAATGACACACGGTACTTTACTGGACCTGTTAAAGTTAAGATTATCTATGATTATCCATTTGAAGAACTACCAGAGTATGCTGCACAGTACATTACGTATTTAGCAGGTATCGAAGTATACGTCTCTGATTATGGTGTGGAGAACTCTATTCAACTTATGACAGAACGTAAAGAAGCTAACCGTTTATTATTAGTTCAAGAGAATATGCGTAATCGTAAATGGAACAGTAATGATGCAGCTATGCGTCGTAGTCGCTTCCAACGATATTTAAGACGATAG
gene-M172_gp53	phage	gene-M172_gp53	1.1666541234344685	0	0	0	60.14609229371939	391.0989720105469	3229.69242158185	late	MTEQEIKERLTRNWLVINAAKQLVLFVKEKLNEGKSISTKEDQA	ATGACAGAACAAGAAATTAAAGAAAGACTAACTCGTAATTGGTTAGTCATCAATGCTGCTAAGCAGTTAGTACTATTCGTAAAGGAGAAATTAAATGAAGGTAAATCTATCAGCACTAAAGAAGATCAAGCATAG
gene-M172_gp38	phage	gene-M172_gp38	0.9394786830983228	0	0	0	1830.892393998833	13481.602533040435	49343.08125522628	late	MSEFNTGGQGNPQENTPQGGQGNPTPQEFNQGGQGNFQQQFNPNFGQGQFGFQQNQAYQAPQGNPTPAPVEDKTNTQPTKVYTPEDFAGDSPLDVSIKVVSANAGLSEEVFGAAIKNAVQYGNADLIDIATLTKGLEPNIAAQVVATARAAYQHATQLKAQITQKAHAAAGGAEQWQEAINSFNTSAPQDVRGYAIYLESIGKQDEAIQVIMNHVRGAGLVNSNNGALINGSTGGTGGKAMSHQEFLVEWGKLDRQYGHQLYSNKEAQLKIADLQRRRALGKQQGI	ATGAGTGAATTTAATACAGGTGGTCAAGGAAACCCTCAAGAAAATACACCGCAGGGTGGACAAGGTAATCCAACACCACAAGAATTTAATCAAGGTGGACAGGGTAACTTCCAACAGCAATTTAATCCTAACTTTGGTCAAGGTCAATTCGGATTCCAACAGAATCAAGCGTACCAAGCACCACAAGGTAATCCAACACCTGCACCAGTTGAAGATAAAACGAATACTCAACCAACTAAGGTATATACACCAGAAGATTTCGCAGGTGATAGTCCGTTGGATGTTAGCATTAAGGTTGTATCGGCTAATGCTGGCTTAAGTGAAGAAGTATTCGGGGCAGCTATTAAGAATGCTGTACAGTACGGTAATGCCGACTTAATTGATATTGCAACATTAACTAAAGGTTTAGAACCTAATATTGCAGCACAGGTGGTAGCTACGGCTCGTGCAGCTTATCAACATGCTACTCAACTTAAAGCACAGATTACACAGAAAGCACATGCTGCTGCTGGTGGTGCTGAACAGTGGCAAGAAGCTATTAACAGTTTTAACACATCCGCACCTCAAGATGTACGTGGTTATGCCATCTACCTTGAGAGTATCGGTAAACAAGATGAAGCTATCCAAGTTATTATGAACCATGTTCGCGGTGCTGGGTTAGTTAATTCTAACAACGGTGCATTGATCAATGGCAGTACTGGTGGTACAGGCGGTAAAGCTATGTCACACCAAGAGTTCTTGGTCGAGTGGGGTAAATTAGATCGTCAATATGGACATCAATTATACTCAAATAAAGAAGCACAGTTAAAGATTGCTGATTTACAGCGTCGTCGTGCTTTAGGCAAACAACAAGGTATTTAA
gene-M172_gp14	phage	gene-M172_gp14	0.2996597245743977	0	0	0	18022.69928966421	20974.91695244217	9795.513357082416	middle	MKFGKVKVGMRVRIKNNPNGNLAEPENLGAVGTVSYKEPASYTGKLTVLINFGNGIIDWVNHKNLEEVKDEA	ATGAAATTCGGTAAAGTTAAAGTAGGTATGCGTGTTCGTATTAAGAATAATCCTAATGGTAATCTTGCTGAACCAGAGAACTTAGGTGCAGTAGGCACAGTTAGTTATAAAGAACCAGCAAGTTATACTGGTAAGTTAACAGTGCTAATCAATTTTGGAAATGGTATTATTGATTGGGTTAATCACAAGAACTTGGAGGAAGTTAAAGATGAAGCGTAA
gene-M172_gp43	phage	gene-M172_gp43	0.9644734894743104	0	0	0	2002.640865137711	14416.318349938756	57251.87083723507	late	MILEGVYPSFLKGVSQQTPQERSDGQLGAQLNLLSDAVTGLRRRGGVKFRTKLAGIPNSSYIRLIDINGVNYIIIVDTVTGTLKIYNFDGSLLKAHQTDYLKASNGKASIRSTVSRNNCFVLNTEQVITKTPTGGTNPIPNPSTMGYISIRSGQFSKMYSVDIKSGSYTLSFGVGTSGSEAWQATPEWVATEMENRIKEDTTLNARYTVVREGSTVALKAKSAIDTNLLVIESGTGSTYIQTSNSSRVQGKQDIIANLPNILDKYIIAVGTVGNSAYYQYNATTSTWKECGVYEAPYKFTNEPIYWYFDDTDTIQVKSLDIQPRTAGDDDNNPLPKFVDFGITGISAYQSRLVLLSGSYVNMSATADFNVYMRTTVEELQDDDPIEVSSTALSSAQFEYAVPYNKDLVLLAQNQQAVIPANSTVLTPKTAVIYPSSKANISMASEPQVVSRSLYYTYQRGTDYYQVGEMIPNAYSDAQYYAQNLADHIPLYATGVCTSITGSTTDNMAVFSSDQKELLVHQYLWAGEDRPLMSFHKWELPYDVLHVQFLQEYLVLFMDVGDDLVVGTINVQLNQLDNKPIPFLDIYQYVDIVDGEGTLPEFLPDGELVAAVYSSETMRHAMVQYEIEGTKIKCQFNGRIYLGVPYESSLTLTPPFVKDDKGRVVAGSNSTVVDLTMTFKGTGEFEYHVSDTYGDVFDGETSAQAWSEAQLGYTRVNTVSDVKFPCGTLLSSTEFSVRTTGTTELNIISTSYNIRIPNRGRRRL	ATGATTCTTGAGGGAGTGTACCCGTCATTCTTGAAAGGTGTATCACAGCAAACACCTCAAGAGCGTAGTGACGGACAATTAGGCGCACAGCTTAATTTATTATCTGATGCTGTAACAGGTTTACGTAGACGTGGTGGGGTTAAATTCCGAACCAAGTTAGCAGGTATTCCTAATAGTAGCTATATACGTTTAATTGACATCAATGGTGTTAATTACATTATAATCGTAGATACTGTTACAGGTACTTTAAAGATTTATAATTTTGATGGTTCCTTACTTAAAGCACATCAAACAGATTATCTTAAAGCCTCCAATGGTAAGGCTAGTATCCGTAGTACAGTCTCACGTAATAATTGCTTTGTATTAAATACAGAACAAGTTATTACTAAGACACCTACAGGCGGTACTAACCCTATACCTAATCCAAGTACAATGGGTTATATCAGTATTCGTTCTGGTCAGTTCTCTAAGATGTATTCAGTAGATATCAAGTCAGGTTCTTATACCTTAAGTTTTGGTGTGGGTACATCGGGTAGTGAGGCATGGCAGGCTACTCCTGAATGGGTAGCTACTGAGATGGAGAATAGGATTAAAGAGGATACTACTCTTAATGCGCGTTATACTGTTGTACGGGAAGGTAGTACGGTTGCACTTAAAGCTAAATCTGCTATAGATACAAACTTGCTAGTGATTGAGTCTGGTACAGGTAGTACTTATATTCAGACGAGTAATTCTAGTCGTGTACAAGGTAAACAGGATATTATTGCTAATCTACCTAATATCTTAGATAAGTATATTATTGCGGTAGGTACAGTAGGTAACTCCGCTTATTACCAATACAACGCTACTACAAGTACTTGGAAAGAATGTGGTGTATATGAGGCTCCATATAAGTTCACTAACGAACCTATTTACTGGTACTTTGATGATACCGATACTATCCAAGTTAAAAGCCTAGATATTCAACCACGTACAGCAGGTGATGATGATAATAACCCATTACCTAAGTTTGTGGATTTTGGTATTACAGGTATTAGTGCATACCAATCACGTTTAGTACTACTTAGTGGTTCATATGTTAATATGAGTGCTACAGCAGACTTTAATGTATATATGCGTACCACTGTAGAGGAATTACAGGATGATGATCCTATTGAGGTGTCTAGTACTGCTCTAAGTTCGGCACAGTTTGAGTATGCTGTTCCGTACAATAAAGACTTAGTTTTATTGGCTCAGAATCAACAAGCTGTTATCCCAGCTAATAGTACAGTACTTACACCTAAGACGGCTGTTATCTATCCAAGTTCAAAAGCTAACATTAGTATGGCTAGTGAACCACAGGTCGTATCACGTAGTTTGTATTATACATATCAACGTGGTACAGATTACTATCAAGTTGGTGAGATGATCCCTAATGCTTACTCAGATGCACAGTACTATGCACAGAACTTAGCAGACCATATCCCGTTATATGCTACAGGTGTTTGTACTTCAATCACAGGTAGTACTACTGATAATATGGCAGTGTTCAGTTCAGACCAGAAAGAGTTACTTGTACACCAGTACTTGTGGGCAGGTGAAGACCGTCCATTAATGAGCTTCCATAAATGGGAATTACCTTATGATGTGCTTCATGTACAGTTCCTGCAAGAGTATTTAGTATTATTCATGGATGTAGGTGATGATTTAGTGGTTGGTACTATTAACGTACAGTTAAACCAACTAGACAATAAACCTATCCCATTCTTAGACATTTACCAATACGTAGATATTGTGGATGGTGAAGGTACATTACCTGAGTTCTTACCAGATGGTGAGTTAGTAGCTGCGGTATACAGTTCTGAGACTATGCGTCATGCTATGGTTCAGTATGAAATCGAAGGTACTAAGATTAAGTGTCAATTCAATGGACGTATTTATCTAGGTGTACCTTATGAAAGTTCACTCACACTAACACCTCCTTTTGTTAAAGATGATAAAGGTCGCGTAGTTGCTGGAAGTAATAGTACAGTAGTTGATCTTACAATGACATTCAAAGGTACAGGTGAGTTTGAGTACCATGTTTCTGATACCTATGGTGATGTATTTGATGGTGAAACATCCGCACAGGCTTGGTCAGAAGCACAACTAGGGTATACGCGAGTAAATACAGTTAGTGATGTTAAATTCCCGTGTGGTACATTATTAAGTTCGACAGAGTTTAGTGTTAGAACTACTGGTACAACTGAGTTAAACATCATTAGCACTAGTTATAATATCCGTATACCAAACAGAGGACGGAGACGTTTATAA
gene-M172_gp50	phage	gene-M172_gp50	1.1428102594158804	0	0	0	200.23539439005208	1306.904701549954	9959.470362144844	late	MILTKDGFSIIRNELFGGKLDQTQVDAINFIVEKATESGLSYPEAAYLLATIYHETGLPSGYRTMQPIKEAGSDSYLRSKKYYPYIGYGYVQLTWEENYGRISKLIGVDLIKNPEKALEPLIAIQIAIKGMLNGWFTGVGFRRKRPVSKYNKQQYVAARNIINGKDKAELIAKYAIIFERALRSL	ATGATTCTGACTAAAGACGGGTTTAGTATTATCCGTAATGAACTATTCGGAGGTAAGTTAGATCAAACTCAAGTAGATGCGATAAACTTTATTGTAGAGAAAGCTACTGAGTCTGGTTTATCTTATCCAGAGGCAGCCTATTTACTAGCTACCATTTATCATGAGACTGGTTTACCAAGTGGTTATCGAACTATGCAACCGATTAAAGAAGCTGGTTCGGATAGCTACCTTCGATCTAAGAAGTACTACCCTTACATTGGTTATGGTTATGTGCAGTTAACTTGGGAGGAGAATTATGGACGTATTAGTAAACTTATTGGAGTTGACCTGATTAAGAATCCTGAGAAAGCCCTAGAACCTTTAATTGCTATTCAGATTGCTATCAAAGGTATGTTGAATGGTTGGTTCACAGGTGTTGGATTCCGACGTAAACGTCCAGTTAGTAAATACAACAAACAGCAGTACGTAGCTGCTCGTAATATCATTAATGGGAAAGATAAGGCTGAGCTTATAGCGAAGTACGCTATTATCTTTGAACGCGCTCTACGGAGCTTATAG
gene-M172_gp17	phage	gene-M172_gp17	0.3089082561415653	0	0	0	29034.063770681885	40486.18573750497	18514.0182759848	middle	MGQKRRVWHGAEQTKAMDVYNNLDSWSCWCHRSHEGGKVWKTHLARETLVQAPVIKHFLNYKQLCTLTELAEKHESKYSRMVVLLQSKGVSTTILQPYRPMYNLEDDRLVFSFEGVDIGRDCTGVSPMKWYKYYKENPKSFVYLQGKNQFDTREPVAVTEDLFSSMKIKHYSGCSAMCLLGTNFEDEKLNFLSSRKPVLALDGDIAGQTAERLISNRLSLFGVPYLRVNIPDGYDPKDLKPNEIKQLFGAI	TTGGGTCAGAAACGTAGGGTATGGCATGGAGCAGAGCAGACTAAAGCAATGGATGTTTATAACAACTTAGACAGTTGGTCATGTTGGTGTCATCGTTCTCATGAAGGTGGTAAGGTCTGGAAGACACACTTAGCTAGGGAGACGTTAGTTCAAGCACCTGTTATTAAGCACTTCTTGAACTATAAGCAGCTATGTACGCTTACAGAATTAGCGGAGAAGCACGAAAGTAAGTACAGCCGTATGGTTGTACTACTCCAAAGCAAAGGTGTCTCTACGACGATTCTACAGCCATATAGACCTATGTATAATTTAGAGGATGATCGGTTAGTATTTAGCTTTGAAGGTGTTGACATCGGTAGAGATTGTACTGGTGTCTCTCCTATGAAGTGGTATAAGTACTATAAAGAAAATCCCAAGAGCTTTGTGTACTTACAAGGCAAAAATCAATTCGATACACGAGAGCCTGTGGCTGTTACTGAGGATTTGTTTTCAAGTATGAAGATAAAACACTACTCAGGTTGCAGTGCAATGTGTTTACTAGGAACTAATTTTGAAGATGAAAAACTTAACTTCTTATCATCACGTAAGCCAGTTCTTGCATTGGATGGCGATATTGCAGGACAAACTGCTGAAAGGCTTATTAGTAATCGTCTTAGTCTTTTTGGCGTACCTTATTTACGAGTAAACATCCCTGATGGGTATGACCCTAAAGATTTAAAACCTAATGAAATCAAACAATTATTTGGAGCTATCTAA
gene-M172_gp30	phage	gene-M172_gp30	0.5218722272030893	0	0	0	1567.3958899105346	8450.140985845755	7447.886309450032	middle	MKTSCIDHGRRGNRDGYTMCKVTGVTRLMHRVVYCDHNKVPYDSIKGLLIRHKCDNPRCINPEHLETGTAQDNSNDMVSRNRQAKGLKHGMTKLTVEQVKYIRANYKAWCPENGAKALGLKFNVSPTAIRLVHKGLNWKCIGEYA	ATGAAGACTTCTTGTATTGATCACGGAAGACGTGGTAATCGGGATGGTTATACTATGTGTAAAGTTACTGGTGTAACTCGTTTAATGCACCGTGTAGTATATTGTGACCATAATAAAGTACCTTATGATAGTATTAAGGGTCTACTGATTAGACATAAATGCGATAACCCTAGATGTATTAATCCAGAGCATTTGGAAACAGGTACTGCACAAGATAATTCGAATGATATGGTATCTCGTAATAGACAGGCAAAAGGATTAAAGCACGGTATGACTAAGTTGACCGTAGAGCAGGTTAAATATATTCGTGCGAACTATAAAGCGTGGTGTCCTGAGAACGGTGCTAAAGCTTTAGGTTTAAAGTTTAACGTTTCTCCAACGGCGATACGTTTAGTACATAAAGGATTGAACTGGAAGTGTATTGGAGAGTACGCATGA
gene-M172_gp44	phage	gene-M172_gp44	1.0111004475204748	0	0	0	741.585933466683	5291.9257716702	24383.43041429317	late	MAMNMQGGMQGAQTGASIGSNFGPYGAAYGAIIGGVLGLLTPDKDMEALKAYNKQVVHNLGSTLFDMDRQRNIENLRTSQALDSYRTQGQVAASQFNAAYGARDIIGASADALKSTLDRQVQQATRQVWIDWEVGVDNYNTQINEVVNRAAGSLRRSKAETSKVDYAGMFKQGMDMYQQYKGGSTGTTTMSSTGGGLSGLSDFGSFGKSGSAMGTSSAGSLTA	ATGGCTATGAACATGCAAGGTGGTATGCAAGGCGCACAGACAGGTGCATCTATCGGGAGTAATTTCGGTCCTTATGGTGCAGCTTATGGTGCTATTATTGGAGGTGTGTTAGGGTTATTAACACCTGACAAGGATATGGAAGCCTTAAAAGCATACAACAAACAAGTGGTACATAACTTAGGTTCTACGTTATTCGATATGGATCGTCAGCGTAACATAGAGAACTTACGAACATCCCAAGCCCTTGACTCTTATCGGACACAAGGGCAAGTAGCAGCTTCTCAATTTAATGCAGCATATGGTGCAAGAGATATTATTGGCGCAAGTGCTGATGCTCTTAAGAGTACTTTAGATCGACAAGTTCAACAGGCTACACGACAAGTGTGGATTGATTGGGAAGTTGGTGTAGATAACTATAACACTCAAATTAATGAGGTTGTAAACCGTGCAGCAGGTTCTTTACGTCGTAGTAAAGCTGAGACATCTAAGGTAGATTACGCAGGGATGTTTAAACAAGGTATGGATATGTACCAACAATATAAAGGTGGTTCTACAGGGACTACTACAATGAGTTCCACAGGTGGTGGTTTATCTGGATTATCCGATTTCGGATCATTCGGTAAATCTGGTTCTGCTATGGGTACAAGCTCAGCAGGATCATTAACAGCGTAA
gene-M172_gp40	phage	gene-M172_gp40	1.0158496652027502	0	0	0	608.0452512223817	4227.525091700436	19883.23889194625	late	MAGALCEPIVSLALTQTSDDTAIADTQAQMAALLEQVRALQAKVEEQDKAPTRSKTAAKAE	ATGGCAGGTGCATTATGTGAACCAATCGTATCTTTAGCATTAACTCAAACTTCTGATGATACAGCTATCGCAGATACACAAGCACAGATGGCTGCATTATTAGAGCAAGTACGTGCGTTACAGGCTAAGGTAGAAGAGCAGGACAAAGCCCCGACACGTTCTAAGACAGCAGCTAAAGCTGAGTAA
gene-M172_gp07	phage	gene-M172_gp07	0.4151596005458011	0	0	0	21747.962415667414	17043.686279453083	6888.999844196347	early	MWTMKNTSSHVRDTYKELASRIFGVPINQVTPEQQAQARCWTFAFRYGHAGPPSKSFGGFNG	ATGTGGACTATGAAGAATACTTCATCGCATGTTAGAGACACCTATAAAGAGTTAGCTTCTCGTATATTTGGTGTACCTATCAATCAAGTAACACCTGAGCAACAAGCACAGGCTAGGTGCTGGACTTTCGCGTTTAGATATGGACATGCTGGTCCACCTAGTAAATCATTTGGAGGCTTTAATGGCTAA
gene-M172_gp32	phage	gene-M172_gp32	0.5478861623392105	0	0	0	2231.728234079669	13401.213059269385	13897.541180704711	late	MSKVVFSSLKEWKQRALRMHFQGLTSSEIATELGISDRTIRDNIQKLAHRVDKSVALKPRKPTIFVIGDTQVKQGISLDYIHWIANYIKLKQPDIIVQIGDHYDMASLSTYDKGQLSAEGRRFVLDIEAGDEALGIIEDYIRSVKGYNPRKVVVLGNHEDRIDRFVKTHPEFEGLIGTDKLAFHDYGWEVIPFLKPHNICGIHFVHYVINVNTGKPLGGNLDLRLKTVGESFVMGHQQMYAYAERQLPMTGRKQFAAVVGACYVHDEPYKGWQGNHHFRGCLMLYGCADGYAMQKKVELEHMREIYEGEHA	ATGTCTAAAGTAGTATTCAGCAGTTTAAAAGAATGGAAACAACGTGCCCTTCGTATGCACTTTCAAGGTCTAACTAGCTCAGAGATCGCTACAGAGTTAGGTATTTCTGATCGAACTATTCGAGATAACATTCAGAAGTTAGCTCATCGTGTTGACAAGAGTGTAGCATTGAAGCCACGTAAGCCTACAATCTTTGTAATTGGTGATACTCAGGTTAAACAAGGTATTAGTCTTGACTATATCCACTGGATTGCAAACTATATCAAACTTAAACAACCTGACATTATTGTACAGATTGGTGATCACTACGATATGGCATCGTTAAGCACATATGATAAAGGGCAACTTAGTGCAGAAGGTCGTCGATTCGTATTAGATATTGAGGCAGGTGATGAAGCACTAGGTATCATTGAAGATTATATCCGATCTGTTAAAGGTTATAATCCACGTAAGGTTGTGGTGTTAGGTAATCATGAAGATCGTATTGATCGTTTTGTTAAGACTCATCCAGAGTTTGAAGGTCTGATTGGTACAGATAAATTAGCCTTTCATGATTATGGTTGGGAAGTTATCCCATTCTTAAAACCACATAATATCTGTGGTATTCACTTTGTACATTACGTAATTAACGTGAACACGGGTAAACCACTAGGCGGTAATCTTGATCTACGTCTTAAGACAGTTGGTGAATCTTTCGTAATGGGACATCAACAAATGTATGCTTATGCAGAGCGTCAATTACCTATGACAGGTCGTAAACAGTTTGCAGCAGTGGTTGGTGCATGTTATGTACATGACGAGCCATATAAAGGTTGGCAGGGCAATCACCACTTCCGAGGCTGTTTAATGTTGTATGGTTGTGCTGATGGTTACGCTATGCAGAAGAAAGTTGAACTTGAACATATGCGAGAAATTTACGAAGGAGAACATGCTTAA
gene-M172_gp04	phage	gene-M172_gp04	0.4362327058312915	0	0	0	34032.35745659737	24944.940875422835	10170.04501102259	early	MEPTVKQLQDTIAQLNEALDNWDYVVVQDGALVQLPITKKVVDADRGLCFSFFRNYPDWFVDEMWDQLKNPEGTWLYPVGGREEFYTTRNRWANPKRKELAERCVPYLQAKLEAALLKEDDTCS	ATGGAACCTACTGTTAAACAACTGCAAGACACTATTGCACAACTTAATGAAGCACTAGATAATTGGGACTATGTTGTAGTGCAAGATGGTGCGCTAGTACAGTTACCTATCACTAAAAAGGTGGTAGATGCTGATCGTGGTCTATGTTTCTCATTCTTTAGGAATTATCCTGACTGGTTTGTTGATGAAATGTGGGATCAATTAAAGAATCCAGAAGGTACGTGGTTATACCCTGTTGGAGGTCGGGAAGAGTTTTATACTACTCGTAACCGATGGGCTAACCCTAAACGTAAGGAATTAGCTGAACGTTGTGTCCCGTACTTACAAGCTAAACTTGAAGCTGCATTGCTTAAGGAAGATGATACATGTTCTTAG
gene-M172_gp21	phage	gene-M172_gp21	0.3686048792662221	0	0	0	19894.02248956437	34090.749292305234	14308.05078741936	middle	MNRFDSIEEYLAKTKNPVQLVKHFEEVPESKITYPLIGQIKYDGVYILIVMHNGIPKAYGRTGKEYYRELYETDYFRSIYGLTDGVYIGELVAPTITLEELSGLVSTNRKAEWGTADIEAMEQSYVMLHDYLHFDEFLAGGSVRYYTDRYAELSRILEIAQCSLYLVDNAIISSKEDVEQYADAHIKLGHEGAVFKQDLDWVAGHKGYRAMKIVRGLHLDLLCVGVEYGKGKRAGQIAKLKFSYKGNVFSADLGKGWTDERRKALTLAHQSGVGTTVFPDKGKGSTEYPPVGKIWEVKALQESSTGKALRLPKVVRIREDKEEPDA	ATGAATAGATTTGATTCAATTGAGGAATACTTAGCTAAGACTAAGAACCCTGTGCAGCTTGTCAAGCACTTTGAAGAAGTACCTGAAAGTAAGATTACATATCCTTTAATTGGTCAGATTAAATATGATGGTGTTTATATTCTGATCGTTATGCATAATGGTATTCCTAAAGCTTATGGTCGTACAGGTAAGGAATACTACAGAGAGCTTTACGAAACTGATTACTTCAGGAGCATCTATGGTTTAACTGATGGTGTTTACATAGGTGAGCTAGTTGCGCCTACAATCACGTTAGAGGAACTTTCTGGTCTAGTAAGTACTAACCGTAAGGCAGAGTGGGGAACAGCCGATATAGAGGCAATGGAGCAATCCTACGTGATGTTACACGACTACTTGCACTTTGATGAGTTCTTAGCTGGTGGTTCTGTGCGTTATTATACTGACCGCTATGCAGAGTTATCACGCATCCTAGAGATTGCTCAATGTAGTCTATACCTTGTAGATAATGCAATCATTAGTTCTAAAGAAGATGTTGAGCAATACGCTGATGCACATATTAAGTTAGGTCACGAAGGTGCTGTGTTTAAACAAGACCTTGATTGGGTAGCAGGTCATAAAGGTTATCGGGCAATGAAGATTGTTCGTGGTCTTCATCTTGATCTACTTTGCGTAGGGGTTGAGTATGGTAAAGGTAAACGTGCAGGTCAAATTGCTAAGCTTAAATTCTCTTATAAGGGCAATGTGTTCTCCGCAGACTTGGGTAAAGGATGGACCGATGAGCGTCGTAAAGCACTTACGTTAGCACATCAATCTGGAGTAGGTACTACGGTATTTCCAGATAAAGGAAAAGGAAGTACGGAGTATCCACCTGTAGGTAAGATTTGGGAAGTTAAAGCACTTCAAGAATCAAGTACAGGTAAAGCATTAAGATTACCTAAAGTGGTTCGGATACGTGAAGATAAGGAGGAACCTGATGCTTGA
gene-M172_gp03	phage	gene-M172_gp03	0.4459073865581361	0	0	0	50196.56298661021	34755.225704479555	14648.17074090946	early	MNLLITVEDINKAIASISKRGKQLDNDIHVAGVSCLKHCDAHGDSTLLDKLVQAMPKGSRKAAFCEWALAYGNVRMLDRENKADKSAIEQGRLFAKDKSKTYDEAGAIANHWVDFKPEPDLLTTFDVHAQVAALISKYNKAINKGVDIEGKADAAKELRTLLSQLEVEV	ATGAATCTATTAATCACTGTTGAAGATATTAACAAAGCAATCGCATCTATCTCTAAGCGTGGTAAGCAATTGGATAACGACATCCATGTAGCTGGTGTAAGTTGTCTTAAGCACTGTGATGCTCATGGCGATAGCACTTTGTTGGATAAGCTAGTTCAAGCTATGCCTAAAGGTTCACGCAAAGCAGCGTTCTGTGAATGGGCTTTAGCGTATGGCAATGTACGTATGCTTGACCGTGAGAACAAAGCAGACAAGAGTGCTATTGAACAAGGTCGATTGTTCGCTAAGGATAAGTCTAAAACTTATGATGAAGCTGGTGCTATTGCTAACCATTGGGTAGATTTTAAACCTGAACCCGACCTGTTGACGACTTTCGATGTTCATGCTCAAGTGGCTGCTCTTATTAGCAAGTACAATAAAGCGATTAATAAAGGCGTGGATATTGAGGGTAAAGCGGATGCAGCTAAAGAGTTGCGTACATTGTTAAGCCAATTGGAAGTAGAGGTGTAA
gene-M172_gp49	phage	gene-M172_gp49	1.1384078947620406	0	0	0	127.29302399641745	849.9794084102994	6356.935895184249	late	MNMLDQFYAVLIYVWSGLDKLIVGAAATSFVVALLRTKKEDNKFSFIEALLCGIFTAIALVGMSFLGTLTGIIVPETLTAGAAHVVAGFIGWYGTVRTMKYLEGKVSNDSD	ATGAACATGCTAGATCAGTTCTACGCAGTTCTGATCTATGTATGGTCAGGCTTAGACAAGTTGATCGTAGGTGCTGCTGCTACATCTTTTGTAGTGGCACTACTACGAACTAAGAAAGAGGATAATAAATTCTCGTTTATTGAAGCACTACTTTGTGGTATCTTTACAGCTATCGCATTAGTAGGTATGAGCTTCTTAGGCACATTAACAGGTATCATTGTACCTGAAACATTAACTGCTGGCGCTGCTCACGTAGTAGCTGGCTTTATCGGTTGGTACGGTACAGTGCGAACTATGAAATATTTAGAAGGAAAGGTTTCAAATGATTCTGACTAA
gene-M172_gp52	phage	gene-M172_gp52	1.1440402581399014	0	0	0	342.65487753301034	2381.4592237166576	18152.241249550498	late	MIDATFRERFKRLRAHVAQHNDRPELIPKEDREMFALMFAGLFLSFRDFAELGMAYLGFKMSEIQDDIADFMQHGYKYRMVQAQRGQAKSTLAALYCIWRLIQRPKDRCLIVSAGGDQADSIALIITRIINQWDILCWMRPDTTRGDRDSAKNYDIHCDLKGIDKSASVSSVGISAQLAGKRADFLLADDIEVMRNSMTQTEREKLALQTREFSAICIHGDIMYLGTPQTKDSIYRELPRRGFSVRVWTGRYPTNEELERYGSGTEIAPMIMKRLLENPELQTGGGIEGNRGQPTDPNHIGEETLQSKELDYGPEGFALQYMLDTTLSDEMRTKIKLSDIPVVGTGTDSAPEVVQYKCDPTTAYKELTPAMTAFRMYWGIGSDKSVPFEHKVMIIDPAGSGGDEIAFATGAATNSYIYLLSVGGFKGGTKEENLNKVIMKMVTSGIKDLDIERNMGHGTVTQLVVAQIEKLRLKASKGSQDEDFLELLQSYGVTHSELNSALSGVAVNDYFVTTQKERRIIDTISPVTRRHKLVVTSSAIQEDWEYCLQHPMEKRNQYSCFYQLGNITYDRGSLVHDDRADCVQRLVERLSPFLAKDDEAGAVKRREEEIAEWRRNPMGYTHGKFANTGMRRGSGTTKKFGGRRR	ATGATTGATGCGACGTTCCGAGAACGCTTTAAAAGATTACGGGCACATGTTGCTCAACACAATGATAGACCAGAGTTAATCCCTAAAGAAGATCGTGAAATGTTCGCATTAATGTTTGCAGGGTTATTCCTGAGCTTCCGAGACTTTGCTGAGTTAGGTATGGCTTATCTCGGTTTTAAGATGTCGGAGATTCAGGATGACATTGCAGACTTCATGCAACATGGTTATAAGTACCGTATGGTGCAGGCACAGCGTGGGCAGGCTAAGAGTACCTTAGCTGCTTTATATTGTATCTGGAGGCTTATACAGCGCCCTAAAGACCGTTGTTTGATTGTATCTGCTGGTGGTGATCAGGCTGACTCTATTGCACTGATTATTACACGTATCATTAACCAATGGGATATTCTATGTTGGATGCGTCCAGATACGACCAGAGGTGACAGAGATAGTGCTAAGAACTATGATATTCACTGTGATCTAAAAGGTATTGATAAATCCGCTTCCGTATCATCTGTAGGTATTTCTGCACAGTTAGCAGGTAAACGTGCTGACTTTTTATTAGCTGACGATATTGAGGTTATGCGTAACTCTATGACTCAAACAGAGCGTGAGAAGTTAGCATTACAGACTCGTGAGTTCTCAGCTATCTGTATTCATGGTGACATTATGTATTTAGGTACACCTCAGACTAAGGACTCAATTTACCGTGAATTACCTCGTCGTGGTTTTAGTGTTCGAGTTTGGACAGGTCGTTACCCTACAAATGAAGAATTAGAACGTTATGGTTCGGGTACAGAGATTGCGCCTATGATCATGAAGCGTTTATTAGAAAATCCAGAATTACAAACAGGTGGTGGTATCGAAGGTAACAGAGGGCAACCTACTGACCCTAATCACATCGGAGAAGAAACCCTACAATCTAAAGAGTTGGACTATGGACCAGAAGGTTTTGCATTACAGTACATGTTAGATACAACATTATCTGATGAGATGCGTACCAAGATTAAACTATCAGACATTCCTGTGGTCGGTACAGGTACAGATTCCGCACCAGAGGTGGTTCAGTACAAATGTGATCCAACTACAGCATATAAAGAATTAACACCAGCAATGACAGCCTTTCGCATGTATTGGGGTATTGGTTCTGATAAGTCTGTACCATTTGAACACAAGGTTATGATTATTGACCCTGCTGGTTCTGGTGGTGATGAGATTGCATTCGCTACAGGTGCAGCTACTAACTCTTATATCTATCTACTATCGGTAGGTGGTTTTAAGGGTGGTACAAAAGAAGAGAACTTGAATAAGGTTATCATGAAGATGGTTACGTCTGGTATTAAGGATTTAGACATTGAACGTAACATGGGGCATGGTACTGTTACTCAGTTAGTTGTAGCTCAAATTGAGAAATTGCGTTTAAAGGCTTCTAAAGGCTCACAGGACGAAGATTTCCTTGAACTGCTACAATCCTACGGGGTTACTCATTCAGAGCTTAATAGCGCGCTCTCAGGCGTTGCTGTGAACGATTATTTCGTTACTACTCAGAAAGAGCGTCGTATCATTGATACTATCTCTCCTGTGACTCGTCGTCATAAGTTAGTAGTGACAAGTTCAGCTATTCAAGAAGATTGGGAATACTGTTTACAACATCCTATGGAAAAGCGTAATCAATATAGTTGCTTCTATCAGCTAGGTAACATTACTTACGATAGAGGTAGTCTGGTACATGATGACCGTGCTGACTGTGTACAACGGTTAGTAGAACGTCTATCACCATTCTTAGCTAAAGATGATGAAGCTGGTGCAGTTAAACGTCGTGAGGAAGAGATTGCAGAGTGGAGACGTAATCCTATGGGTTACACACATGGTAAGTTCGCTAATACTGGTATGCGTAGAGGTTCGGGAACTACTAAGAAGTTTGGAGGTCGTCGTAGATGA
gene-M172_gp25	phage	gene-M172_gp25	0.3786836403201285	0	0	0	12885.968522764964	34780.876084068026	23356.3187568916	middle	MVKIKYDPENPLTPEQIEDLESKYGKLQRYKAGKFKGLPKIQRLDTDQPLLKWGKGTYRFEGLVNFNELPKHVSEQFTGDRAEFKGKRVHTACGTPVYSTGDDALDLVANFTEAAQPLRDMKKLIKDTTTYYLVEDDKGKQSGMLQYVEPNGIIHHQLNNCATVTGRLSGSRPNMQNIPRDGTSKVKQMFESRFGKEGRIVEVDYSALEVVALASISGDKNLLQQLIDGTDMHCYRLAGALGEDYATVFEKCHDKSHPEHKKYKQLRTDIKPRAFANQYGASAMGISFSTGCSLEEAEQFKETERKLFPESSTYAERVVRPQVEQNGLTVPMESELVNGVWKHFRRGFFKANSGTCYSFRQFPKYVKGVGEKYDYKDTQLANYFCQGEASLIVQAACGRVIRELIARNFAGGLVLPINTVHDACYLDCANEALANEYGKLVKEIMESTPKYMAEIIPALKEWHYDTTPFPAQAEYGINMMDKVDVT	ATGGTTAAAATTAAATATGATCCAGAGAACCCACTAACACCAGAACAGATTGAAGATTTAGAATCTAAGTACGGGAAGTTACAACGCTACAAAGCTGGGAAGTTTAAAGGTCTACCTAAGATACAACGCTTAGATACAGATCAACCTCTCCTTAAATGGGGTAAAGGAACATACCGTTTTGAAGGTTTGGTAAACTTCAATGAACTACCTAAGCATGTATCTGAACAGTTCACAGGTGATCGTGCAGAGTTCAAAGGTAAGCGTGTACATACAGCTTGTGGTACTCCTGTGTATTCAACAGGTGATGATGCTTTAGACTTAGTAGCTAACTTCACAGAAGCAGCACAGCCATTACGTGACATGAAGAAGTTAATCAAAGATACCACGACATATTATCTTGTTGAAGATGATAAGGGTAAGCAGTCGGGTATGCTTCAATATGTTGAACCCAATGGAATCATCCATCATCAACTAAACAACTGTGCAACCGTTACAGGTCGCTTATCAGGTTCTCGACCGAATATGCAGAACATTCCACGAGACGGTACATCTAAAGTTAAACAGATGTTCGAATCGCGTTTCGGTAAAGAAGGACGTATTGTTGAGGTCGATTACTCAGCACTTGAGGTCGTAGCATTAGCTAGTATCTCAGGAGATAAGAACTTACTTCAACAGTTGATTGATGGTACAGACATGCACTGCTATCGTTTAGCAGGTGCTTTAGGAGAAGATTATGCAACTGTGTTTGAGAAGTGTCATGATAAGTCTCATCCTGAACACAAGAAATACAAACAACTACGTACCGACATCAAGCCTCGTGCCTTCGCTAACCAATACGGGGCTTCCGCTATGGGTATTAGCTTCTCAACAGGATGTTCACTTGAAGAGGCTGAACAATTTAAAGAGACAGAGCGTAAGTTATTTCCAGAGTCTTCCACATACGCTGAACGAGTTGTACGTCCGCAAGTCGAACAAAACGGACTCACAGTCCCGATGGAATCAGAACTCGTTAATGGTGTATGGAAACACTTCCGACGTGGATTCTTTAAAGCTAACAGTGGAACCTGCTATAGCTTCCGTCAATTTCCCAAATACGTTAAAGGCGTAGGTGAGAAATATGATTATAAAGATACACAGCTTGCGAACTACTTCTGTCAAGGGGAAGCATCCCTTATTGTTCAAGCGGCATGTGGTAGAGTTATTAGAGAACTTATTGCTCGGAACTTCGCTGGCGGTTTGGTGTTACCTATCAATACTGTGCATGATGCTTGTTACCTTGATTGTGCAAACGAAGCCTTAGCCAATGAATATGGTAAACTTGTAAAAGAGATCATGGAATCAACACCGAAATATATGGCAGAGATTATTCCAGCGCTTAAAGAATGGCACTACGACACGACACCTTTTCCAGCGCAAGCTGAGTATGGTATAAATATGATGGATAAAGTGGATGTAACTTAG
gene-M172_gp05	phage	gene-M172_gp05	0.4246857392198268	0	0	0	22955.0947549005	18753.857439073327	6997.307885781192	early	MTDRKYDYQSHAHIPRWVTVKIVPYQMSKVVMIKSSKHTDWKDYRALSPSYSHDWLDHEILNDKDFLAHLERLDDNT	ATGACGGACCGTAAATACGACTACCAATCACATGCACACATACCTAGATGGGTCACTGTGAAGATTGTACCTTATCAAATGTCTAAGGTTGTTATGATTAAATCGTCTAAACATACAGACTGGAAAGACTATCGAGCGCTCAGTCCTAGTTACTCTCATGATTGGTTAGATCATGAGATATTAAACGACAAAGATTTCCTTGCACATTTGGAGCGTTTAGATGACAATACTTGA
gene-M172_gp02	phage	gene-M172_gp02	0.7172818867262727	0	0	0	18759.32450479702	8993.767856039762	1688.4781019414054	early	MSNLNMPLAVLRPELTAEHKAKFKQLGFNEIDMSMEGEVSLILTDDGAGKGERAWTIGAPAFLIKMQVAMGNGTIFDTVDDLIAALDADTPKA	ATGTCTAATCTTAATATGCCACTAGCTGTATTACGTCCAGAATTGACTGCGGAACATAAAGCTAAGTTTAAACAGCTAGGCTTTAATGAAATCGATATGTCGATGGAAGGTGAAGTATCTTTAATACTGACTGACGATGGTGCGGGCAAAGGTGAACGTGCTTGGACTATAGGTGCGCCTGCTTTCCTTATTAAAATGCAAGTTGCAATGGGTAATGGTACAATATTTGACACTGTAGACGACTTAATTGCAGCGTTAGATGCTGATACACCTAAAGCATAA
gene-M172_gp51	phage	gene-M172_gp51	1.145053499818335	0	0	0	121.55247578341022	805.4760975615562	6182.708607656457	late	MAGKKTGASVSRLCLLHELLVDMFIKDIQDAIEGDYPLASADKNVIVTFLKNESITATPDADGMEKLKEELKDLSEAQRAKVDALVTQVESGQFDDLLGPIQ	ATGGCAGGTAAGAAAACAGGGGCTAGTGTTAGCCGTCTATGCTTATTGCATGAGTTGTTGGTGGATATGTTCATTAAAGACATCCAAGATGCTATCGAAGGTGACTACCCTTTAGCATCTGCTGATAAGAACGTTATCGTTACTTTCTTAAAGAATGAAAGTATCACAGCCACACCTGATGCTGACGGTATGGAGAAATTAAAAGAAGAGTTAAAAGACTTATCCGAAGCACAACGTGCGAAGGTAGATGCTTTAGTAACACAAGTTGAATCAGGTCAATTCGATGATCTGTTAGGACCTATACAATAA
gene-M172_gp18	phage	gene-M172_gp18	0.3036536633403033	0	0	0	16720.270070348575	24707.71952773086	11754.31129376248	middle	MLYNGINIDVNAEQHKVIVDFLNSQGNKKFKSLKPYGSDGVNVEIWWDVGVSHPEFSGTDGLILNADGSRNIVTENSYDAKSPDDFINAFNHWKEHGALDSEVFK	ATGTTATACAACGGTATTAATATTGACGTAAACGCTGAACAACACAAGGTTATTGTAGACTTCTTAAATAGTCAAGGAAATAAAAAATTTAAATCCCTGAAACCTTATGGTTCAGACGGTGTTAATGTGGAGATTTGGTGGGATGTTGGTGTCAGTCATCCTGAGTTCTCAGGTACAGACGGTCTAATTTTGAATGCGGATGGTAGCCGTAACATCGTGACAGAGAATAGTTACGATGCTAAATCTCCTGATGACTTCATCAACGCCTTCAACCATTGGAAAGAACATGGTGCACTTGACTCGGAGGTATTTAAGTAA
gene-M172_gp08	phage	gene-M172_gp08	0.4246894703666866	0	0	0	18798.946837766685	14603.969053886362	5768.703462941951	early	MEALMANVLTTGLFCLTYAVLSAYEWLANPNKEEHEHT	TTGGAGGCTTTAATGGCTAACGTACTTACAACTGGTTTATTCTGTTTAACGTATGCAGTGTTGTCTGCATATGAATGGTTAGCTAATCCTAACAAGGAAGAACATGAGCATACTTGA
