Geneid	Entity	Symbol	relative changes	negligible changes	Genes with too high Zero count	Outlier	0_T	2.5_T	5_T	10_T	20_T	30_T	classification	ProteinSequence	DNASequence
gene-T7p48	phage	gene-T7p48	1.2894990700424602	0	0	0	0.137962267747277	0.7811509244143794	1.0217820653814165	282.5743813441648	1887.3751224097648	2195.0430795209654	late	MMTIRPTKSTDFEVFTPAHHDILEAKAAGIEPSFPDASECVTLSLYGFPLAIGGNCGDQCWFVTSDQVWRLSGKAKRKFRKLIMEYRDKMLEKYDTLWNYVWVGNTSHIRFLKTIGAVFHEEYTRDGQFQLFTITKGG	ATGATGACTATAAGACCTACTAAAAGTACAGACTTTGAGGTATTCACTCCGGCTCACCATGACATTCTTGAAGCTAAGGCTGCTGGTATTGAGCCGAGTTTCCCTGATGCTTCCGAGTGTGTCACGTTGAGCCTCTATGGGTTCCCTCTAGCTATCGGTGGTAACTGCGGGGACCAGTGCTGGTTCGTTACGAGCGACCAAGTGTGGCGACTTAGTGGAAAGGCTAAGCGAAAGTTCCGTAAGTTAATCATGGAGTATCGCGATAAGATGCTTGAGAAGTATGATACTCTTTGGAATTACGTATGGGTAGGCAATACGTCCCACATTCGTTTCCTCAAGACTATCGGTGCGGTATTCCATGAAGAGTACACACGAGATGGTCAATTTCAGTTATTTACAATCACGAAAGGAGGATAA
gene-T7p43	phage	gene-T7p43	1.145359867681807	0	0	0	1.122059657299726	2.823620695582037	4.05782004619258	5325.042657354845	15063.794699446324	9860.124151474722	middle	MAESNADVYASFGVNSAVMSGGSVEEHEQNMLALDVAARDGDDAIELASDEVETERDLYDNSDPFGQEDDEGRIQVRIGDGSEPTDVDTGEEGVEGTEGSEEFTPLGETPEELVAASEQLGEHEEGFQEMINIAAERGMSVETIEAIQREYEENEELSAESYAKLAEIGYTKAFIDSYIRGQEALVEQYVNSVIEYAGGRERFDALYNHLETHNPEAAQSLDNALTNRDLATVKAIINLAGESRAKAFGRKPTRSVTNRAIPAKPQATKREGFADRSEMIKAMSDPRYRTDANYRRQVEQKVIDSNF	ATGGCTGAATCTAATGCAGACGTATATGCATCTTTTGGCGTGAACTCCGCTGTGATGTCTGGTGGTTCCGTTGAGGAACATGAGCAGAACATGCTGGCTCTTGATGTTGCTGCCCGTGATGGCGATGATGCAATCGAGTTAGCGTCAGACGAAGTGGAAACAGAACGTGACCTGTATGACAACTCTGACCCGTTCGGTCAAGAGGATGACGAAGGCCGCATTCAGGTTCGTATCGGTGATGGCTCTGAGCCGACCGATGTGGACACTGGAGAAGAAGGCGTTGAGGGCACCGAAGGTTCCGAAGAGTTTACCCCACTGGGCGAGACTCCAGAAGAACTGGTAGCTGCCTCTGAGCAACTTGGTGAGCACGAAGAGGGCTTCCAAGAGATGATTAACATTGCTGCTGAGCGTGGCATGAGTGTCGAGACCATTGAGGCTATCCAGCGTGAGTACGAGGAGAACGAAGAGTTGTCCGCCGAGTCCTACGCTAAGCTGGCTGAAATTGGCTACACGAAGGCTTTCATTGACTCGTATATCCGTGGTCAAGAAGCTCTGGTGGAGCAGTACGTAAACAGTGTCATTGAGTACGCTGGTGGTCGTGAACGTTTTGATGCACTGTATAACCACCTTGAGACGCACAACCCTGAGGCTGCACAGTCGCTGGATAATGCGTTGACCAATCGTGACTTAGCGACCGTTAAGGCTATCATCAACTTGGCTGGTGAGTCTCGCGCTAAGGCGTTCGGTCGTAAGCCAACTCGTAGTGTGACTAATCGTGCTATTCCGGCTAAACCTCAGGCTACCAAGCGTGAAGGCTTTGCGGACCGTAGCGAGATGATTAAAGCTATGAGTGACCCTCGGTATCGCACAGATGCCAACTATCGTCGTCAAGTCGAACAGAAAGTAATCGATTCGAACTTCTGA
gene-T7p49	phage	gene-T7p49	1.2832069287350134	0	0	0	0.2332482683016699	1.4088991941227054	1.5711743251327923	494.0843879441002	3291.527889748986	3581.579441457738	late	MCWAAAIPIAISGAQAISGQNAQAKMIAAQTAAGRRQAMEIMRQTNIQNADLSLQARSKLEEASAELTSQNMQKVQAIGSIRAAIGESMLEGSSMDRIKRVTEGQFIREANMVTENYRRDYQAIFAQQLGGTQSAASQIDEIYKSEQKQKSKLQMVLDPLAIMGSSAASAYASGAFDSKSTTKAPIVAAKGTKTGR	ATGTGTTGGGCAGCCGCAATACCTATCGCTATATCTGGCGCTCAGGCTATCAGTGGTCAGAACGCTCAGGCCAAAATGATTGCCGCTCAGACCGCTGCTGGTCGTCGTCAAGCTATGGAAATCATGAGGCAGACGAACATCCAGAATGCTGACCTATCGTTGCAAGCTCGAAGTAAACTTGAGGAAGCGTCCGCCGAGTTGACCTCACAGAACATGCAGAAGGTCCAAGCTATTGGGTCTATCCGAGCGGCTATCGGAGAGAGTATGCTTGAAGGTTCCTCAATGGACCGCATTAAGCGAGTCACAGAAGGACAGTTCATTCGGGAAGCCAATATGGTAACTGAGAACTATCGCCGTGACTACCAAGCAATCTTCGCACAGCAACTTGGTGGTACTCAAAGTGCTGCAAGTCAGATTGACGAAATCTATAAGAGCGAACAGAAACAGAAGAGTAAGCTACAGATGGTTCTGGACCCACTGGCTATCATGGGGTCTTCCGCTGCGAGTGCTTACGCATCCGGTGCGTTCGACTCTAAGTCCACAACTAAGGCACCTATTGTTGCCGCTAAAGGAACCAAGACGGGGAGGTAA
gene-T7p05	phage	gene-T7p05	1.209182343930138	0	0	0	0.0982626188293255	0.6179956424595733	283.8189649654412	1487.0135096749575	357.0780215540027	373.0821088158501	early	MMKHYVMPIHTSNGATVCTPDGFAMKQRIERLKRELRINRKINKIGSGYDRTHDGLKKGYMPNGTLYAANRRIVRTWRENNLERRKDKRGRRGIDERKRLKPRNSPHLNRH	ATGATGAAGCACTACGTTATGCCAATCCACACGTCCAACGGGGCAACCGTATGTACACCTGATGGGTTCGCAATGAAACAACGAATCGAACGCCTTAAGCGTGAACTCCGCATTAACCGCAAGATTAACAAGATAGGTTCCGGCTATGACAGAACGCACGATGGCTTAAAGAAAGGTTATATGCCCAATGGCACACTATACGCTGCAAATCGGCGAATAGTGAGAACTTGGCGAGAGAACAACCTCGAACGCCGCAAGGACAAGAGAGGGCGGCGTGGCATAGACGAAAGGAAAAGGTTAAAGCCAAGAAACTCGCCGCACTTGAACAGGCACTAG
gene-T7p47	phage	gene-T7p47	1.4404340175647987	0	0	0	1.2391855971224743	4.680555362894852	8.22140365086369	1164.315373437009	15408.195310592491	27509.30458986666	late	MALISQSIKNLKGGISQQPDILRYPDQGSRQVNGWSSETEGLQKRPPLVFLNTLGDNGALGQAPYIHLINRDEHEQYYAVFTGSGIRVFDLSGNEKQVRYPNGSNYIKTANPRNDLRMVTVADYTFIVNRNVVAQKNTKSVNLPNYNPNQDGLINVRGGQYGRELIVHINGKDVAKYKIPDGSQPEHVNNTDAQWLAEELAKQMRTNLSDWTVNVGQGFIHVTAPSGQQIDSFTTKDGYADQLINPVTHYAQSFSKLPPNAPNGYMVKIVGDASKSADQYYVRYDAERKVWTETLGWNTEDQVLWETMPHALVRAADGNFDFKWLEWSPKSCGDVDTNPWPSFVGSSINDVFFFRNRLGFLSGENIILSRTAKYFNFYPASIANLSDDDPIDVAVSTNRIAILKYAVPFSEELLIWSDEAQFVLTASGTLTSKSVELNLTTQFDVQDRARPFGIGRNVYFASPRSSFTSIHRYYAVQDVSSVKNAEDITSHVPNYIPNGVFSICGSGTENFCSVLSHGDPSKIFMYKFLYLNEELRQQSWSHWDFGENVQVLACQSISSDMYVILRNEFNTFLARISFTKNAIDLQGEPYRAFMDMKIRYTIPSGTYNDDTFTTSIHIPTIYGANFGRGKITVLEPDGKITVFEQPTAGWNSDPWLRLSGNLEGRMVYIGFNINFVYEFSKFLIKQTADDGSTSTEDIGRLQLRRAWVNYENSGTFDIYVENQSSNWKYTMAGARLGSNTLRAGRLNLGTGQYRFPVVGNAKFNTVYILSDETTPLNIIGCGWEGNYLRRSSGI	ATGGCACTCATTAGCCAATCAATCAAGAACTTGAAGGGTGGTATCAGCCAACAGCCTGACATCCTTCGTTATCCAGACCAAGGGTCACGCCAAGTTAACGGTTGGTCTTCGGAGACCGAGGGCCTCCAAAAGCGTCCACCTCTTGTTTTCTTAAATACACTTGGAGACAACGGTGCGTTAGGTCAAGCTCCGTACATCCACCTGATTAACCGAGATGAGCACGAACAGTATTACGCTGTGTTCACTGGTAGCGGAATCCGAGTGTTCGACCTTTCTGGTAACGAGAAGCAAGTTAGGTATCCTAACGGTTCCAACTACATCAAGACCGCTAATCCACGTAACGACCTGCGAATGGTTACTGTAGCAGACTATACGTTCATCGTTAACCGTAACGTTGTTGCACAGAAGAACACAAAGTCTGTCAACTTACCGAATTACAACCCTAATCAAGACGGATTGATTAACGTTCGTGGTGGTCAGTATGGTAGGGAACTAATTGTACACATTAACGGTAAAGACGTTGCGAAGTATAAGATACCAGATGGTAGTCAACCTGAACACGTAAACAATACGGATGCCCAATGGTTAGCTGAAGAGTTAGCCAAGCAGATGCGCACTAACTTGTCTGATTGGACTGTAAATGTAGGGCAAGGGTTCATCCATGTGACCGCACCTAGTGGTCAACAGATTGACTCCTTCACGACTAAAGATGGCTACGCAGACCAGTTGATTAACCCTGTGACCCACTACGCTCAGTCGTTCTCTAAGCTGCCACCTAATGCTCCTAACGGCTACATGGTGAAAATCGTAGGGGACGCCTCTAAGTCTGCCGACCAGTATTACGTTCGGTATGACGCTGAGCGGAAAGTTTGGACTGAGACTTTAGGTTGGAACACTGAGGACCAAGTTCTATGGGAAACCATGCCACACGCTCTTGTGCGAGCCGCTGACGGTAATTTCGACTTCAAGTGGCTTGAGTGGTCTCCTAAGTCTTGTGGTGACGTTGACACCAACCCTTGGCCTTCTTTTGTTGGTTCAAGTATTAACGATGTGTTCTTCTTCCGTAACCGCTTAGGATTCCTTAGTGGGGAGAACATCATATTGAGTCGTACAGCCAAATACTTCAACTTCTACCCTGCGTCCATTGCGAACCTTAGTGATGACGACCCTATAGACGTAGCTGTGAGTACCAACCGAATAGCAATCCTTAAGTACGCCGTTCCGTTCTCAGAAGAGTTACTCATCTGGTCCGATGAAGCACAATTCGTCCTGACTGCCTCGGGTACTCTCACATCTAAGTCGGTTGAGTTGAACCTAACGACCCAGTTTGACGTACAGGACCGAGCGAGACCTTTTGGGATTGGGCGTAATGTCTACTTTGCTAGTCCGAGGTCCAGCTTCACGTCCATCCACAGGTACTACGCTGTGCAGGATGTCAGTTCCGTTAAGAATGCTGAGGACATTACATCACACGTTCCTAACTACATCCCTAATGGTGTGTTCAGTATTTGCGGAAGTGGTACGGAAAACTTCTGTTCGGTACTATCTCACGGGGACCCTAGTAAAATCTTCATGTACAAATTCCTGTACCTGAACGAAGAGTTAAGGCAACAGTCGTGGTCTCATTGGGACTTTGGGGAAAACGTACAGGTTCTAGCTTGTCAGAGTATCAGCTCAGATATGTATGTGATTCTTCGCAATGAGTTCAATACGTTCCTAGCTAGAATCTCTTTCACTAAGAACGCCATTGACTTACAGGGAGAACCCTATCGTGCCTTTATGGACATGAAGATTCGATACACGATTCCTAGTGGAACATACAACGATGACACATTCACTACCTCTATTCATATTCCAACAATTTATGGTGCAAACTTCGGGAGGGGCAAAATCACTGTATTGGAGCCTGATGGTAAGATAACCGTGTTTGAGCAACCTACGGCTGGGTGGAATAGCGACCCTTGGCTGAGACTCAGCGGTAACTTGGAGGGACGCATGGTGTACATTGGGTTCAACATTAACTTCGTATATGAGTTCTCTAAGTTCCTCATCAAGCAGACTGCCGACGACGGGTCTACCTCCACGGAAGACATTGGGCGCTTACAGTTACGCCGAGCGTGGGTTAACTACGAGAACTCTGGTACGTTTGACATTTATGTTGAGAACCAATCGTCTAACTGGAAGTACACAATGGCTGGTGCCCGATTAGGCTCTAACACTCTGAGGGCTGGGAGACTGAACTTAGGGACCGGACAATATCGATTCCCTGTGGTTGGTAACGCCAAGTTCAACACTGTATACATCTTGTCAGATGAGACTACCCCTCTGAACATCATTGGGTGTGGCTGGGAAGGTAACTACTTACGGAGAAGTTCCGGTATTTAA
gene-T7p55	phage	gene-T7p55	1.35233705765796	0	0	0	0.26351625672291	1.0791861865557646	1.271278709117904	348.92839867579136	2846.285041798439	4154.005241830917	late	MLEFLRKLIPWVLAGMLFGLGWHLGSDSMDAKWKQEVHNEYVKRVEAAKSTQRAIDAVSAKYQEDLAALEGSTDRIISDLRSDNKRLRVRVKTTGTSDGQCGFEPDGRAELDDRDAKRILAVTQKGDAWIRALQDTIRELQRK	ATGCTAGAATTTTTACGTAAGCTAATCCCTTGGGTTCTCGCTGGGATGCTATTCGGGTTAGGATGGCATCTAGGGTCAGACTCAATGGACGCTAAATGGAAACAGGAGGTACACAATGAGTACGTTAAGAGAGTTGAGGCTGCGAAGAGCACTCAAAGAGCAATCGATGCGGTATCTGCTAAGTATCAAGAAGACCTTGCCGCGCTGGAAGGGAGCACTGATAGGATTATTTCTGATTTGCGTAGCGACAATAAGCGGTTGCGCGTCAGAGTCAAAACTACCGGAACCTCCGATGGTCAGTGTGGATTCGAGCCTGATGGTCGAGCCGAACTTGACGACCGAGATGCTAAACGTATTCTCGCAGTGACCCAGAAGGGTGACGCATGGATTCGTGCGTTACAGGATACTATTCGTGAACTGCAACGTAAGTAG
gene-T7p38	phage	gene-T7p38	1.187041261228016	0	0	0	0.4262950820134752	0.8585708936180385	1.194926623889777	2726.4451137887345	7394.271389432191	3485.7233677918366	middle	MCFSPKIKTPKMDTNQIRAVEPAPLTQEVSSVEFGGSSDETDTEGTEVSGRKGLKVERDDSVAKSKASGNGSARMKSSIRKSAFGGKK	ATGTGTTTCTCACCGAAAATTAAAACTCCGAAGATGGATACCAATCAGATTCGAGCCGTTGAGCCAGCGCCTCTGACCCAAGAAGTGTCAAGCGTGGAGTTCGGTGGGTCTTCTGATGAGACGGATACCGAGGGCACCGAAGTGTCTGGACGCAAAGGCCTCAAGGTCGAACGTGATGATTCCGTAGCGAAGTCTAAAGCCAGCGGCAATGGCTCCGCTCGTATGAAATCTTCCATCCGTAAGTCCGCATTTGGAGGTAAGAAGTGA
gene-T7p19	phage	gene-T7p19	1.2095152953173738	0	0	0	0.1870935771619398	0.7791857644583157	0.46146761375212	464.6447364991871	2010.80081329768	1680.4639226372535	middle	MAGYGAKGIRKVGAFRSGLEDKVSKQLESKGIKFEYEEWKVPYVIPASNHTYTPDFLLPNGIFVETKGLWESDDRKKHLLIREQHPELDIRIVFSSSRTKLYKGSPTSYGEFCEKHGIKFADKLIPAEWIKEPKKEVPFDRLKRKGGKK	ATGGCAGGTTACGGCGCTAAAGGAATCCGAAAGGTTGGAGCGTTTCGCTCTGGCCTAGAGGACAAGGTTTCAAAGCAGTTGGAATCAAAAGGTATTAAATTCGAGTATGAAGAGTGGAAAGTGCCTTATGTAATTCCGGCGAGCAATCACACTTACACTCCAGACTTCTTACTTCCAAACGGTATATTCGTTGAGACAAAGGGTCTGTGGGAAAGCGATGATAGAAAGAAGCACTTATTAATTAGGGAGCAGCACCCCGAGCTAGACATCCGTATTGTCTTCTCAAGCTCACGTACTAAGTTATACAAAGGTTCTCCAACGTCTTATGGAGAGTTCTGCGAAAAGCATGGTATTAAGTTCGCTGATAAACTGATACCTGCTGAGTGGATAAAGGAACCCAAGAAGGAGGTCCCCTTTGATAGATTAAAAAGGAAAGGAGGAAAGAAATAA
gene-T7p36	phage	gene-T7p36	1.2093517441875972	0	0	0	0.3493705967805917	0.6004555479181312	0.6973373321205363	987.2296908186	3982.218515671532	2694.71405792127	middle	METVAYIGLGLCVLGVCLISWGLWDLARIIKSLHDTK	GTGGAGACCGTAGCGTATATTGGTCTGGGTCTTTGTGTTCTCGGAGTGTGCCTCATTTCGTGGGGCCTTTGGGACTTAGCCAGAATAATCAAGTCGTTACACGACACTAAGTGA
gene-T7p39	phage	gene-T7p39	1.1882060693414511	0	0	0	0.7215847441733652	1.104513748389896	1.8043393100110576	3100.561055258261	10118.388554264984	5888.059289178411	middle	MSEFTCVEAKSRFRAIRWTVEHLGLPKGFEGHFVGYSLYVDEVMDMSGCREEYILDSTGKHVAYFAWCVSCDIHHKGDILDVTSVVINPEADSKGLQRFLAKRFKYLAELHDCDWVSRCKHEGETMRVYFKEV	ATGTCTGAGTTCACATGTGTGGAGGCTAAGAGTCGCTTCCGTGCAATCCGGTGGACTGTGGAACACCTTGGGTTGCCTAAAGGATTCGAAGGACACTTTGTGGGCTACAGCCTCTACGTAGACGAAGTGATGGACATGTCTGGTTGCCGTGAAGAGTACATTCTGGACTCTACCGGAAAACATGTAGCGTACTTCGCGTGGTGCGTAAGCTGTGACATTCACCACAAAGGAGACATTCTGGATGTAACGTCCGTTGTCATTAATCCTGAGGCAGACTCTAAGGGCTTACAGCGATTCCTAGCGAAACGCTTTAAGTACCTTGCGGAACTCCACGATTGCGATTGGGTGTCTCGTTGTAAGCATGAAGGCGAGACAATGCGTGTATACTTTAAGGAGGTATAA
gene-T7p52	phage	gene-T7p52	1.5084413351123764	0	0	0	1.454574155774548	4.938670708594759	10.032556423558786	690.8286691743713	14843.727552846554	31083.026927582752	late	MANVIKTVLTYQLDGSNRDFNIPFEYLARKFVVVTLIGVDRKVLTINTDYRFATRTTISLTKAWGPADGYTTIELRRVTSTTDRLVDFTDGSILRAYDLNVAQIQTMHVAEEARDLTTDTIGVNNDGHLDARGRRIVNLANAVDDRDAVPFGQLKTMNQNSWQARNEALQFRNEAETFRNQAEGFKNESSTNATNTKQWRDETKGFRDEAKRFKNTAGQYATSAGNSASAAHQSEVNAENSATASANSAHLAEQQADRAEREADKLENYNGLAGAIDKVDGTNVYWKGNIHANGRLYMTTNGFDCGQYQQFFGGVTNRYSVMEWGDENGWLMYVQRREWTTAIGGNIQLVVNGQIITQGGAMTGQLKLQNGHVLQLESASDKAHYILSKDGNRNNWYIGRGSDNNNDCTFHSYVHGTTLTLKQDYAVVNKHFHVGQAVVATDGNIQGTKWGGKWLDAYLRDSFVAKSKAWTQVWSGSAGGGVSVTVSQDLRFRNIWIKCANNSWNFFRTGPDGIYFIASDGGWLRFQIHSNGLGFKNIADSRSVPNAIMVENE	ATGGCTAACGTAATTAAAACCGTTTTGACTTACCAGTTAGATGGCTCCAATCGTGATTTTAATATCCCGTTTGAGTATCTAGCCCGTAAGTTCGTAGTGGTAACTCTTATTGGTGTAGACCGAAAGGTCCTTACGATTAATACAGACTATCGCTTTGCTACACGTACTACTATCTCTCTGACAAAGGCTTGGGGTCCAGCCGATGGCTACACGACCATCGAGTTACGTCGAGTAACCTCCACTACCGACCGATTGGTTGACTTTACGGATGGTTCAATCCTCCGCGCGTATGACCTTAACGTCGCTCAGATTCAAACGATGCACGTAGCGGAAGAGGCCCGTGACCTCACTACGGATACTATCGGTGTCAATAACGATGGTCACTTGGATGCTCGTGGTCGTCGAATTGTGAACCTAGCGAACGCCGTGGATGACCGCGATGCTGTTCCGTTTGGTCAACTAAAGACCATGAACCAGAACTCATGGCAAGCACGTAATGAAGCCTTACAGTTCCGTAATGAGGCTGAGACTTTCAGAAACCAAGCGGAGGGCTTTAAGAACGAGTCCAGTACCAACGCTACGAACACAAAGCAGTGGCGCGATGAGACCAAGGGTTTCCGAGACGAAGCCAAGCGGTTCAAGAATACGGCTGGTCAATACGCTACATCTGCTGGGAACTCTGCTTCCGCTGCGCATCAATCTGAGGTAAACGCTGAGAACTCTGCCACAGCATCCGCTAACTCTGCTCATTTGGCAGAACAGCAAGCAGACCGTGCGGAACGTGAGGCAGACAAGCTGGAAAATTACAATGGATTGGCTGGTGCAATTGATAAGGTAGATGGAACCAATGTGTACTGGAAAGGAAATATTCACGCTAACGGGCGCCTTTACATGACCACAAACGGTTTTGACTGTGGCCAGTATCAACAGTTCTTTGGTGGTGTCACTAATCGTTACTCTGTCATGGAGTGGGGAGATGAGAACGGATGGCTGATGTATGTTCAACGTAGAGAGTGGACAACAGCGATAGGCGGTAACATCCAGTTAGTAGTAAACGGACAGATCATCACCCAAGGTGGAGCCATGACCGGTCAGCTAAAATTGCAGAATGGGCATGTTCTTCAATTAGAGTCCGCATCCGACAAGGCGCACTATATTCTATCTAAAGATGGTAACAGGAATAACTGGTACATTGGTAGAGGGTCAGATAACAACAATGACTGTACCTTCCACTCCTATGTACATGGTACGACCTTAACACTCAAGCAGGACTATGCAGTAGTTAACAAACACTTCCACGTAGGTCAGGCCGTTGTGGCCACTGATGGTAATATTCAAGGTACTAAGTGGGGAGGTAAATGGCTGGATGCTTACCTACGTGACAGCTTCGTTGCGAAGTCCAAGGCGTGGACTCAGGTGTGGTCTGGTAGTGCTGGCGGTGGGGTAAGTGTGACTGTTTCACAGGATCTCCGCTTCCGCAATATCTGGATTAAGTGTGCCAACAACTCTTGGAACTTCTTCCGTACTGGCCCCGATGGAATCTACTTCATAGCCTCTGATGGTGGATGGTTACGATTCCAAATACACTCCAACGGTCTCGGATTCAAGAATATTGCAGACAGTCGTTCAGTACCTAATGCAATCATGGTGGAGAACGAGTAA
gene-T7p33	phage	gene-T7p33	1.262686294983054	0	0	0	0.5578023075389738	0.6720532097851647	1.2780921718019398	1706.2848363629844	7165.042097463745	3609.228413463913	middle	MSDYLKVLQAIKSCPKTFQSNYVRNNASLVAEAASRGHISCLTTSGRNGGAWEITASGTRFLKRMGGCV	ATGTCTGACTACCTGAAAGTGCTGCAAGCAATCAAAAGTTGCCCTAAGACTTTCCAGTCCAACTATGTACGGAACAATGCGAGCCTCGTAGCGGAGGCCGCTTCCCGTGGTCACATCTCGTGCCTGACTACTAGTGGACGTAACGGTGGCGCTTGGGAAATCACTGCTTCCGGTACTCGCTTTCTGAAACGAATGGGAGGATGTGTCTAA
gene-T7p42	phage	gene-T7p42	1.2625941311170676	0	0	0	3.916055035957181	5.7821213713506525	12.673960679671769	7882.271961449427	48704.269683910665	46008.7497044163	middle	MAEKRTGLAEDGAKSVYERLKNDRAPYETRAQNCAQYTIPSLFPKDSDNASTDYQTPWQAVGARGLNNLASKLMLALFPMQTWMRLTISEYEAKQLLSDPDGLAKVDEGLSMVERIIMNYIESNSYRVTLFEALKQLVVAGNVLLYLPEPEGSNYNPMKLYRLSSYVVQRDAFGNVLQMVTRDQIAFGALPEDIRKAVEGQGGEKKADETIDVYTHIYLDEDSGEYLRYEEVEGMEVQGSDGTYPKEACPYIPIRMVRLDGESYGRSYIEEYLGDLRSLENLQEAIVKMSMISSKVIGLVNPAGITQPRRLTKAQTGDFVTGRPEDISFLQLEKQADFTVAKAVSDAIEARLSFAFMLNSAVQRTGERVTAEEIRYVASELEDTLGGVYSILSQELQLPLVRVLLKQLQATQQIPELPKEAVEPTISTGLEAIGRGQDLDKLERCVTAWAALAPMRDDPDINLAMIKLRIANAIGIDTSGILLTEEQKQQKMAQQSMQMGMDNGAAALAQGMAAQATASPEAMAAAADSVGLQPGI	ATGGCTGAGAAACGAACAGGACTTGCGGAGGATGGCGCAAAGTCTGTCTATGAGCGTTTAAAGAACGACCGTGCTCCCTATGAGACACGCGCTCAGAATTGCGCTCAATATACCATCCCATCATTGTTCCCTAAGGACTCCGATAACGCCTCTACAGATTATCAAACTCCGTGGCAAGCCGTGGGCGCTCGTGGTCTGAACAATCTAGCCTCTAAGCTCATGCTGGCTCTATTCCCTATGCAGACTTGGATGCGACTTACTATATCTGAATATGAAGCAAAGCAGTTACTGAGCGACCCCGATGGACTCGCTAAGGTCGATGAGGGCCTCTCGATGGTAGAGCGTATCATCATGAACTACATTGAGTCTAACAGTTACCGCGTGACTCTCTTTGAGGCTCTCAAACAGTTAGTCGTAGCTGGTAACGTCCTGCTGTACCTACCGGAACCGGAAGGGTCAAACTATAATCCCATGAAGCTGTACCGATTGTCTTCTTATGTGGTCCAACGAGACGCATTCGGCAACGTTCTGCAAATGGTGACTCGTGACCAGATAGCTTTTGGTGCTCTCCCTGAGGACATCCGTAAGGCTGTAGAAGGTCAAGGTGGTGAGAAGAAAGCTGATGAGACAATCGACGTGTACACTCACATCTATCTGGATGAGGACTCAGGTGAATACCTCCGATACGAAGAGGTCGAGGGTATGGAAGTCCAAGGCTCCGATGGGACTTATCCTAAAGAGGCTTGCCCATACATCCCGATTCGGATGGTCAGACTAGATGGTGAATCCTACGGTCGTTCGTACATTGAGGAATACTTAGGTGACTTACGGTCCCTTGAAAATCTCCAAGAGGCTATCGTCAAGATGTCCATGATTAGCTCTAAGGTTATCGGCTTAGTGAATCCTGCTGGTATCACCCAGCCACGCCGACTGACCAAAGCTCAGACTGGTGACTTCGTTACTGGTCGTCCAGAAGACATCTCGTTCCTCCAACTGGAGAAGCAAGCAGACTTTACTGTAGCTAAAGCCGTAAGTGACGCTATCGAGGCTCGCCTTTCGTTTGCCTTTATGTTGAACTCTGCGGTTCAGCGTACAGGTGAACGTGTGACCGCCGAAGAGATTCGGTATGTAGCTTCTGAACTTGAAGATACTTTAGGTGGTGTCTACTCTATCCTTTCTCAAGAATTACAATTGCCTCTGGTACGAGTGCTCTTGAAGCAACTACAAGCCACGCAACAGATTCCTGAGTTACCTAAGGAAGCCGTAGAGCCAACCATTAGTACAGGTCTGGAAGCAATTGGTCGAGGACAAGACCTTGATAAGCTGGAGCGGTGTGTCACTGCGTGGGCTGCACTGGCACCTATGCGGGACGACCCTGATATTAACCTTGCGATGATTAAGTTACGTATTGCCAACGCTATCGGTATTGACACTTCTGGTATTCTACTCACCGAAGAACAGAAGCAACAGAAGATGGCCCAACAGTCTATGCAAATGGGTATGGATAATGGTGCTGCTGCGCTGGCTCAAGGTATGGCTGCACAAGCTACAGCTTCACCTGAGGCTATGGCTGCTGCCGCTGATTCCGTAGGTTTACAGCCGGGAATTTAA
gene-T7p41	phage	gene-T7p41	1.23350055889209	0	0	0	0.5548256892640411	1.3981639868959208	3.651613760723272	2668.5843837047823	12913.639799864495	9778.997853213126	middle	MEDCIEWTGGVNSKGYGRKWVNGKLVTPHRHIYEETYGPVPTGIVVMHICDNPRCYNIKHLTLGTPKDNSEDMVTKGRQAKGEELSKKLTESDVLAIRSSTLSHRSLGELYGVSQSTITRILQRKTWRHI	GTGGAAGACTGCATTGAATGGACCGGAGGTGTCAACTCTAAGGGTTATGGTCGTAAGTGGGTTAATGGTAAACTTGTGACTCCACATAGGCACATCTATGAGGAGACATATGGTCCAGTTCCAACAGGAATTGTGGTGATGCATATCTGCGATAACCCTAGGTGCTATAACATAAAGCACCTTACGCTTGGAACTCCAAAGGATAATTCCGAGGACATGGTTACCAAAGGTAGACAGGCTAAAGGAGAGGAACTAAGCAAGAAACTTACAGAGTCAGACGTTCTCGCTATACGCTCTTCAACCTTAAGCCACCGCTCCTTAGGAGAACTGTATGGAGTCAGTCAATCAACCATAACGCGAATACTACAGCGTAAGACATGGAGACACATTTAA
gene-T7p07	phage	gene-T7p07	1.0931399453166737	0	0	0	0.4267968876853884	3.4021511253233654	271.1641439360351	5557.701043482395	2742.5416952496435	2461.512497791929	early	MNTINIAKNDFSDIELAAIPFNTLADHYGERLAREQLALEHESYEMGEARFRKMFERQLKAGEVADNAAAKPLITTLLPKMIARINDWFEEVKAKRGKRPTAFQFLQEIKPEAVAYITIKTTLACLTSADNTTVQAVASAIGRAIEDEARFGRIRDLEAKHFKKNVEEQLNKRVGHVYKKAFMQVVEADMLSKGLLGGEAWSSWHKEDSIHVGVRCIEMLIESTGMVSLHRQNAGVVGQDSETIELAPEYAEAIATRAGALAGISPMFQPCVVPPKPWTGITGGGYWANGRRPLALVRTHSKKALMRYEDVYMPEVYKAINIAQNTAWKINKKVLAVANVITKWKHCPVEDIPAIEREELPMKPEDIDMNPEALTAWKRAAAAVYRKDKARKSRRISLEFMLEQANKFANHKAIWFPYNMDWRGRVYAVSMFNPQGNDMTKGLLTLAKGKPIGKEGYYWLKIHGANCAGVDKVPFPERIKFIEENHENIMACAKSPLENTWWAEQDSPFCFLAFCFEYAGVQHHGLSYNCSLPLAFDGSCSGIQHFSAMLRDEVGGRAVNLLPSETVQDIYGIVAKKVNEILQADAINGTDNEVVTVTDENTGEISEKVKLGTKALAGQWLAYGVTRSVTKRSVMTLAYGSKEFGFRQQVLEDTIQPAIDSGKGLMFTQPNQAAGYMAKLIWESVSVTVVAAVEAMNWLKSAAKLLAAEVKDKKTGEILRKRCAVHWVTPDGFPVWQEYKKPIQTRLNLMFLGQFRLQPTINTNKDSEIDAHKQESGIAPNFVHSQDGSHLRKTVVWAHEKYGIESFALIHDSFGTIPADAANLFKAVRETMVDTYESCDVLADFYDQFADQLHESQLDKMPALPAKGNLNLRDILESDFAFA	ATGAACACGATTAACATCGCTAAGAACGACTTCTCTGACATCGAACTGGCTGCTATCCCGTTCAACACTCTGGCTGACCATTACGGTGAGCGTTTAGCTCGCGAACAGTTGGCCCTTGAGCATGAGTCTTACGAGATGGGTGAAGCACGCTTCCGCAAGATGTTTGAGCGTCAACTTAAAGCTGGTGAGGTTGCGGATAACGCTGCCGCCAAGCCTCTCATCACTACCCTACTCCCTAAGATGATTGCACGCATCAACGACTGGTTTGAGGAAGTGAAAGCTAAGCGCGGCAAGCGCCCGACAGCCTTCCAGTTCCTGCAAGAAATCAAGCCGGAAGCCGTAGCGTACATCACCATTAAGACCACTCTGGCTTGCCTAACCAGTGCTGACAATACAACCGTTCAGGCTGTAGCAAGCGCAATCGGTCGGGCCATTGAGGACGAGGCTCGCTTCGGTCGTATCCGTGACCTTGAAGCTAAGCACTTCAAGAAAAACGTTGAGGAACAACTCAACAAGCGCGTAGGGCACGTCTACAAGAAAGCATTTATGCAAGTTGTCGAGGCTGACATGCTCTCTAAGGGTCTACTCGGTGGCGAGGCGTGGTCTTCGTGGCATAAGGAAGACTCTATTCATGTAGGAGTACGCTGCATCGAGATGCTCATTGAGTCAACCGGAATGGTTAGCTTACACCGCCAAAATGCTGGCGTAGTAGGTCAAGACTCTGAGACTATCGAACTCGCACCTGAATACGCTGAGGCTATCGCAACCCGTGCAGGTGCGCTGGCTGGCATCTCTCCGATGTTCCAACCTTGCGTAGTTCCTCCTAAGCCGTGGACTGGCATTACTGGTGGTGGCTATTGGGCTAACGGTCGTCGTCCTCTGGCGCTGGTGCGTACTCACAGTAAGAAAGCACTGATGCGCTACGAAGACGTTTACATGCCTGAGGTGTACAAAGCGATTAACATTGCGCAAAACACCGCATGGAAAATCAACAAGAAAGTCCTAGCGGTCGCCAACGTAATCACCAAGTGGAAGCATTGTCCGGTCGAGGACATCCCTGCGATTGAGCGTGAAGAACTCCCGATGAAACCGGAAGACATCGACATGAATCCTGAGGCTCTCACCGCGTGGAAACGTGCTGCCGCTGCTGTGTACCGCAAGGACAAGGCTCGCAAGTCTCGCCGTATCAGCCTTGAGTTCATGCTTGAGCAAGCCAATAAGTTTGCTAACCATAAGGCCATCTGGTTCCCTTACAACATGGACTGGCGCGGTCGTGTTTACGCTGTGTCAATGTTCAACCCGCAAGGTAACGATATGACCAAAGGACTGCTTACGCTGGCGAAAGGTAAACCAATCGGTAAGGAAGGTTACTACTGGCTGAAAATCCACGGTGCAAACTGTGCGGGTGTCGATAAGGTTCCGTTCCCTGAGCGCATCAAGTTCATTGAGGAAAACCACGAGAACATCATGGCTTGCGCTAAGTCTCCACTGGAGAACACTTGGTGGGCTGAGCAAGATTCTCCGTTCTGCTTCCTTGCGTTCTGCTTTGAGTACGCTGGGGTACAGCACCACGGCCTGAGCTATAACTGCTCCCTTCCGCTGGCGTTTGACGGGTCTTGCTCTGGCATCCAGCACTTCTCCGCGATGCTCCGAGATGAGGTAGGTGGTCGCGCGGTTAACTTGCTTCCTAGTGAAACCGTTCAGGACATCTACGGGATTGTTGCTAAGAAAGTCAACGAGATTCTACAAGCAGACGCAATCAATGGGACCGATAACGAAGTAGTTACCGTGACCGATGAGAACACTGGTGAAATCTCTGAGAAAGTCAAGCTGGGCACTAAGGCACTGGCTGGTCAATGGCTGGCTTACGGTGTTACTCGCAGTGTGACTAAGCGTTCAGTCATGACGCTGGCTTACGGGTCCAAAGAGTTCGGCTTCCGTCAACAAGTGCTGGAAGATACCATTCAGCCAGCTATTGATTCCGGCAAGGGTCTGATGTTCACTCAGCCGAATCAGGCTGCTGGATACATGGCTAAGCTGATTTGGGAATCTGTGAGCGTGACGGTGGTAGCTGCGGTTGAAGCAATGAACTGGCTTAAGTCTGCTGCTAAGCTGCTGGCTGCTGAGGTCAAAGATAAGAAGACTGGAGAGATTCTTCGCAAGCGTTGCGCTGTGCATTGGGTAACTCCTGATGGTTTCCCTGTGTGGCAGGAATACAAGAAGCCTATTCAGACGCGCTTGAACCTGATGTTCCTCGGTCAGTTCCGCTTACAGCCTACCATTAACACCAACAAAGATAGCGAGATTGATGCACACAAACAGGAGTCTGGTATCGCTCCTAACTTTGTACACAGCCAAGACGGTAGCCACCTTCGTAAGACTGTAGTGTGGGCACACGAGAAGTACGGAATCGAATCTTTTGCACTGATTCACGACTCCTTCGGTACCATTCCGGCTGACGCTGCGAACCTGTTCAAAGCAGTGCGCGAAACTATGGTTGACACATATGAGTCTTGTGATGTACTGGCTGATTTCTACGACCAGTTCGCTGACCAGTTGCACGAGTCTCAATTGGACAAAATGCCAGCACTTCCGGCTAAAGGTAACTTGAACCTCCGTGACATCTTAGAGTCGGACTTCGCGTTCGCGTAA
gene-T7p26	phage	gene-T7p26	1.0993729677177304	0	0	0	0.3925486696453891	0.4723804550462093	0.8370649461019267	3286.6888592010164	5482.860391421029	2636.961766555215	middle	MFKLIKKLGQLLVRMYNVEAKRLNDEARKEATQSRALAIRSNELADSASTKVTEAARVANQAQQLSKFFE	ATGTTCAAACTGATTAAGAAGTTAGGCCAACTGCTGGTTCGTATGTACAACGTGGAAGCCAAGCGACTGAACGATGAGGCTCGTAAAGAGGCCACACAGTCACGCGCTCTGGCGATTCGCTCCAACGAACTGGCTGACAGTGCATCCACTAAAGTTACCGAGGCTGCCCGTGTGGCAAACCAAGCTCAACAGCTTTCCAAATTCTTTGAGTAA
gene-T7p37	phage	gene-T7p37	1.1443735568372924	0	0	0	0.4416799790600519	0.7007832152766247	1.1001885152064856	1973.7474275776017	5351.639270854656	3295.6658534549406	middle	MLTPINQLLKNPNDIPDVPRATAEYLQVRFNYAYLEASGHIGLMRANGCSEAHILGFIQGLQYASNVIDEIELRKEQLRDDGED	ATGTTAACACCTATTAACCAATTACTTAAGAACCCTAACGATATTCCAGATGTACCTCGTGCAACCGCTGAGTATCTACAGGTTCGATTCAACTATGCGTACCTCGAAGCGTCTGGTCATATAGGACTTATGCGTGCTAATGGTTGTAGTGAGGCCCACATCTTGGGTTTCATTCAGGGCCTACAGTATGCCTCTAACGTCATTGACGAGATTGAGTTACGCAAGGAACAACTAAGAGATGATGGGGAGGATTGA
gene-T7p54	phage	gene-T7p54	1.477088418130293	0	0	0	0.1598022070156323	0.5848806133327527	1.1833540631186483	83.30172701652265	1876.077015109989	3491.7394777006784	late	MEKDKSLITFLEMLDTAMAQRMLADLSDHERRSPQLYNAINKLLDRHKFQIGKLQPDVHILGGLAGALEEYKEKVGDNGLTDDDIYTLQ	ATGGAAAAGGATAAGAGCCTTATTACATTCTTAGAGATGTTGGACACTGCGATGGCTCAGCGTATGCTTGCGGACCTTTCGGACCATGAGCGTCGCTCTCCGCAACTCTATAATGCTATTAACAAACTGTTAGACCGCCACAAGTTCCAGATTGGTAAGTTGCAGCCGGATGTTCACATCTTAGGTGGCCTTGCTGGTGCTCTTGAAGAGTACAAAGAGAAAGTCGGTGATAACGGTCTTACGGATGATGATATTTACACATTACAGTGA
gene-T7p30	phage	gene-T7p30	1.080583543315413	0	0	0	0.2208399895300259	0.5595530514986213	0.5896226669623816	1910.046258121366	2400.946797608968	1177.2485749259977	middle	MNERHLTGAASEMLVAYKFTKAGYTVYYPMLTQSKEDLVVCKDGKFSKVQVKTATTVQTNTGDAKQVRLGGCGRSEYKDGDFDILAVVVDEDVLIFTWDEVKGKTSMCVGKRNKGIKL	ATGAACGAAAGACACTTAACAGGTGCTGCTTCTGAAATGCTAGTAGCCTACAAATTTACCAAAGCTGGGTACACTGTCTATTACCCTATGCTGACTCAGAGTAAAGAGGACTTGGTTGTATGTAAGGATGGTAAATTTAGTAAGGTTCAGGTTAAAACAGCCACAACGGTTCAAACCAACACAGGAGATGCCAAGCAGGTTAGGCTAGGTGGATGCGGTAGGTCCGAATATAAGGATGGAGACTTTGACATTCTTGCGGTTGTGGTTGACGAAGATGTGCTTATTTTCACATGGGACGAAGTAAAAGGTAAGACATCCATGTGTGTCGGCAAGAGAAACAAAGGCATAAAACTATAG
gene-T7p58	phage	gene-T7p58	1.4552929928495724	0	0	0	0.3652572994990816	1.2325888412618178	1.982242966606512	237.29344213178143	3390.027917919592	6266.411569903306	late	MGTQPLSGLLCTQGHVKRTSITHSVLLLCYALSTMRTLRHLLGLQQTQCALTVMTCASVSWNTVRLALRYSSCLTLTLVMPRSTR	GTGGGTACACAACCATTATCTGGCCTGCTCTGTACCCAAGGACACGTGAAGAGAACCTCTATTACTCACAGCGTCTTGCTCCTATGTTACGCGCTGAGTACGATGAGAACCCTGAGGCACTTGCTGGGACTCCAACAGACCCAGTGCGCTTTGACCGTGATGACCTGCGCGAGCGTGAGTTGGAATACGGTAAGGCTGGCTTTACGCTACAGTTCATGCTTAACCCTAACCTTAGTGATGCCGAGAAGTACCCGCTGA
gene-T7p32	phage	gene-T7p32	1.2200271955296969	0	0	0	0.5488724527141756	0.7017657952546567	1.241970493784819	1848.9401256124245	6738.413588154936	3680.6273658069895	middle	MAMTKKFKVSFDVTAKMSSDVQAILEKDMLHLCKQVGSGAIVPNGKQKEMIVQFLTHGMEGLMTFVVRTSFREAIKDMHEEYADKDSFKQSPATVREVF	ATGGCTATGACAAAGAAATTTAAAGTGTCCTTCGACGTTACCGCAAAGATGTCGTCTGACGTTCAGGCAATCTTAGAGAAAGATATGCTGCATCTATGTAAGCAGGTCGGCTCAGGTGCGATTGTCCCCAATGGTAAACAGAAGGAAATGATTGTCCAGTTCCTGACACACGGTATGGAAGGATTGATGACATTCGTAGTACGTACATCATTTCGTGAGGCCATTAAGGACATGCACGAAGAGTATGCAGATAAGGACTCTTTCAAACAATCTCCTGCAACAGTACGGGAGGTGTTCTGA
gene-T7p10	phage	gene-T7p10	1.0128956463004593	0	0	0	0.1042158553791909	1.1366461975386846	4.442181947906047	1330.0161169075843	1700.0375248579194	1356.7760490122744	middle	MMNIKTNPFKAVSFVESAIKKALDNAGYLIAEIKYDGVRGNICVDNTANSYWLSRVSKTIPALEHLNGFDVRWKRLLNDDRCFYKDGFMLDGELMVKGVDFNTGSGLLRTKWTDTKNQEFHEELFVEPIRKKDKVPFKLHTGHLHIKLYAILPLHIVESGEDCDVMTLLMQEHVKNMLPLLQEYFPEIEWQAAESYEVYDMVELQQLYEQKRAEGHEGLIVKDPMCIYKRGKKSGWWKMKPENEADGIIQGLVWGTKGLANEGKVIGFEVLLESGRLVNATNISRALMDEFTETVKEATLSQWGFFSPYGIGDNDACTINPYDGWACQISYMEETPDGSLRHPSFVMFRGTEDNPQEKM	ATGATGAACATTAAGACTAACCCGTTTAAAGCCGTGTCTTTCGTAGAGTCTGCCATTAAGAAGGCTCTGGATAACGCTGGGTATCTTATCGCTGAAATCAAGTACGATGGTGTACGCGGGAACATCTGCGTAGACAATACTGCTAACAGTTACTGGCTCTCTCGTGTATCTAAAACGATTCCGGCACTGGAGCACTTAAACGGGTTTGATGTTCGCTGGAAGCGTCTACTGAACGATGACCGTTGCTTCTACAAAGATGGCTTTATGCTTGATGGGGAACTCATGGTCAAGGGCGTAGACTTTAACACAGGGTCCGGCCTACTGCGTACCAAATGGACTGACACGAAGAACCAAGAGTTCCATGAAGAGTTATTCGTTGAACCAATCCGTAAGAAAGATAAAGTTCCCTTTAAGCTGCACACTGGACACCTTCACATAAAACTGTACGCTATCCTCCCGCTGCACATCGTGGAGTCTGGAGAAGACTGTGATGTCATGACGTTGCTCATGCAGGAACACGTTAAGAACATGCTGCCTCTGCTACAGGAATACTTCCCTGAAATCGAATGGCAAGCGGCTGAATCTTACGAGGTCTACGATATGGTAGAACTACAGCAACTGTACGAGCAGAAGCGAGCAGAAGGCCATGAGGGTCTCATTGTGAAAGACCCGATGTGTATCTATAAGCGCGGTAAGAAATCTGGCTGGTGGAAAATGAAACCTGAGAACGAAGCTGACGGTATCATTCAGGGTCTGGTATGGGGTACAAAAGGTCTGGCTAATGAAGGTAAAGTGATTGGTTTTGAGGTGCTTCTTGAGAGTGGTCGTTTAGTTAACGCCACGAATATCTCTCGCGCCTTAATGGATGAGTTCACTGAGACAGTAAAAGAGGCCACCCTAAGTCAATGGGGATTCTTTAGCCCATACGGTATTGGCGACAACGATGCTTGTACTATTAACCCTTACGATGGCTGGGCGTGTCAAATTAGCTACATGGAGGAAACACCTGATGGCTCTTTGCGGCACCCATCGTTCGTAATGTTCCGTGGCACCGAGGACAACCCTCAAGAGAAAATGTAA
gene-T7p28	phage	gene-T7p28	1.0720248771851413	0	0	0	0.4694731548782725	0.5980356842388342	0.7988889034878633	2710.9638763112134	3644.5988781071137	1842.9639809327325	middle	MRDPKVIQAEIAKLEAELEDVKYHEAKTRSAVHILKNLGWTWTRQTGWKKPEVTKLSHKVFDKDTMTHIKAGDWVKVDMGVVGGYGYVRSVSGKYAQVSYITGVTPRGAIVADKTNMIHTGFLTVVSYEEIVKSR	ATGCGTGACCCTAAAGTTATCCAAGCAGAAATCGCTAAACTGGAAGCTGAACTGGAGGACGTTAAGTACCATGAAGCTAAGACTCGCTCCGCTGTTCACATCTTGAAGAACTTAGGCTGGACTTGGACAAGACAGACTGGCTGGAAGAAACCAGAAGTTACCAAGCTGAGTCATAAGGTGTTCGATAAGGACACTATGACCCACATCAAGGCTGGTGATTGGGTTAAGGTTGACATGGGAGTTGTTGGTGGATACGGCTACGTCCGCTCAGTTAGTGGCAAATATGCACAAGTGTCATACATCACAGGTGTTACTCCACGCGGTGCAATCGTTGCCGATAAGACCAACATGATTCACACAGGTTTCTTGACAGTTGTTTCATATGAAGAGATTGTTAAGTCACGATAA
gene-T7p25	phage	gene-T7p25	1.065411167898592	0	0	0	0.4203418454636097	0.8088983499278076	0.866373161435012	3230.8651808300338	4533.4449665126485	2437.724647975844	middle	MRKVAPFLLLTYVVLAHYANYLILLLPLSVISKAICLTLSSFVFSSAALLVILVSLATWNTTRKPDGLNHQVTQGKKSHTQSQQTGPTTLTSDRILDDFPDDYEKFRWRVPF	ATGAGGAAGGTCGCCCCGTTTCTATTACTGACCTACGTGGTTCTGGCGCACTACGCCAACTATCTGATACTATTATTGCCCTTGAGCGTAATCAGCAAGGCGATATGCCTAACCTTGTCCTCGTTCGTATTCTCAAGTGCCGCTTTACTGGTGATACTGGTATCGCTGGCTACATGGAATACAACAAGGAAACCGGATGGCTTGAACCATCAAGTTACTCAGGGGAAGAAGAGTCACACTCAGAGTCAACAGACTGGTCCAACGACACTGACTTCTGACAGGATTCTTGATGACTTTCCAGACGACTACGAGAAGTTTCGCTGGAGAGTCCCATTCTAA
gene-T7p09	phage	gene-T7p09	1.02957000366101	0	0	0	0.1473939282439882	0.1909027074682342	3.0032714051774017	770.2704791866029	980.5699899897468	653.6913476497368	middle	MRNFEKMTKRSNRNARDFEATKGRKLNKTKRDRSHKRSWEGQ	ATGCGTAACTTCGAAAAGATGACCAAACGTTCTAACCGTAATGCTCGTGACTTCGAGGCAACCAAAGGTCGCAAGTTGAATAAGACTAAGCGTGACCGCTCTCACAAGCGTAGCTGGGAGGGTCAGTAA
gene-T7p13	phage	gene-T7p13	1.1931105974086251	0	0	0	0.0183615153215093	0.1368451401426428	0.2160796992095173	58.55551717713488	174.6163387668572	224.05380603480413	late	MFRLHYNKSVKNFTVRRADRSIVCASERRAKIPLIGNTVPLAPSVHIIITRGDFEKAIDKKRPVLSVAVTRFPFVRLLLKRIKEVF	ATGTTTCGACTTCATTACAACAAAAGCGTTAAGAATTTCACGGTTCGCCGTGCTGACCGTTCAATCGTATGTGCGAGCGAGCGCCGAGCTAAGATACCTCTTATTGGTAACACAGTTCCTTTGGCACCGAGCGTCCACATCATTATCACCCGTGGTGACTTTGAGAAAGCAATAGACAAGAAACGTCCGGTTCTTAGTGTGGCAGTGACCCGCTTCCCGTTCGTCCGTCTGTTACTCAAACGAATCAAGGAGGTGTTCTGA
gene-T7p15	phage	gene-T7p15	1.0572543104226448	0	0	0	0.0153848970465766	0.2405752511584651	0.3421803878228364	151.0016661739383	217.11179120861124	132.21511286798545	middle	MHNFKSTPPADSLSDDFTSCSEWCRKMWEETFDDAYIKLYELWKSRGQ	ATGCATAACTTCAAGTCAACCCCACCTGCCGACAGCCTATCTGATGACTTCACATCTTGCTCAGAGTGGTGCCGAAAGATGTGGGAAGAGACATTCGACGATGCGTACATCAAGCTGTATGAACTTTGGAAATCGAGAGGTCAATGA
gene-T7p14	phage	gene-T7p14	1.0514490784358164	0	0	0	0.0153848970465766	0.7295132207680848	0.3489938505068721	114.7760755873843	188.07413991067	191.88426024729483	late	MGLLDGEAWEKENPPVQATGCIACLEKDDRYPHTCNKGANDMTEREQEMIIKLIDNNEGRPDDLNGCGILCSNVPCHLCPANNDQKITLGEIRAMDPRKPHLNKPEVTPTDDQPSAETIEGVTKPSHYMLFDDIEAIEVIARSMTVEQFKGYCFGNILKYRLRAGKKSELAYLEKDLAKADFYKELFEKHKDKCYA	ATGGGACTGTTAGATGGTGAAGCCTGGGAAAAAGAAAACCCGCCAGTACAAGCAACTGGGTGTATAGCTTGCTTAGAGAAAGATGACCGTTATCCACACACCTGTAACAAAGGAGCTAACGATATGACCGAACGTGAACAAGAGATGATCATTAAGTTGATAGACAATAATGAAGGTCGCCCAGATGATTTGAATGGCTGCGGTATTCTCTGCTCCAATGTCCCTTGCCACCTCTGCCCCGCAAATAACGATCAAAAGATAACCTTAGGTGAAATCCGAGCGATGGACCCACGTAAACCACATCTGAATAAACCTGAGGTAACTCCTACAGATGACCAGCCTTCCGCTGAGACAATCGAAGGTGTCACTAAGCCTTCCCACTACATGCTGTTTGACGACATTGAGGCTATCGAAGTGATTGCTCGTTCAATGACCGTTGAGCAGTTCAAGGGATACTGCTTCGGTAACATCTTAAAGTACAGACTACGTGCTGGTAAGAAGTCAGAGTTAGCGTACTTAGAGAAAGACCTAGCGAAAGCAGACTTCTATAAAGAACTCTTTGAGAAACATAAGGATAAATGTTATGCATAA
gene-T7p53	phage	gene-T7p53	1.4167156539703616	0	0	0	0.1136475158759022	0.5551680278632608	0.7852619781197919	76.61720934603264	1672.2000507383295	2478.428607274339	late	MLSLDFNNELIKAAPIVGTGVADVSARLFFGLSLNEWFYVAAIAYTVVQIGAKVVDKMIDWKKANKE	GTGCTATCATTAGACTTTAACAACGAATTGATTAAGGCTGCTCCAATTGTTGGGACGGGTGTAGCAGATGTTAGTGCTCGACTGTTCTTTGGGTTAAGCCTTAACGAATGGTTCTACGTTGCTGCTATCGCCTACACAGTGGTTCAGATTGGTGCCAAGGTAGTCGATAAGATGATTGACTGGAAGAAAGCCAATAAGGAGTGA
gene-T7p56	phage	gene-T7p56	1.3482761694861956	0	0	0	0.2114083290333146	0.7723808771436583	1.0170229672943232	257.513029372096	2140.7028142093186	3046.932997954703	late	MSTLRELRLRRALKEQSMRYLLSIKKTLPRWKGALIGLFLICVATISGCASESKLPEPPMVSVDSSLMVEPNLTTEMLNVFSQ	ATGAGTACGTTAAGAGAGTTGAGGCTGCGAAGAGCACTCAAAGAGCAATCGATGCGGTATCTGCTAAGTATCAAGAAGACCTTGCCGCGCTGGAAGGGAGCACTGATAGGATTATTTCTGATTTGCGTAGCGACAATAAGCGGTTGCGCGTCAGAGTCAAAACTACCGGAACCTCCGATGGTCAGTGTGGATTCGAGCCTGATGGTCGAGCCGAACTTGACGACCGAGATGCTAAACGTATTCTCGCAGTGA
gene-T7p17	phage	gene-T7p17	1.3018809840879266	0	0	0	1.2724302038186472	2.303004980546861	3.9126829652308888	2029.1005200967872	16927.605998602874	13647.24759347308	middle	MAKKIFTSALGTAEPYAYIAKPDYGNEERGFGNPRGVYKVDLTIPNKDPRCQRMVDEIVKCHEEAYAAAVEEYEANPPAVARGKKPLKPYEGDMPFFDNGDGTTTFKFKCYASFQDKKTKETKHINLVVVDSKGKKMEDVPIIGGGSKLKVKYSLVPYKWNTAVGASVKLQLESVMLVELATFGGGEDDWADEVEENGYVASGSAKASKPRDEESWDEDDEESEEADEDGDF	ATGGCTAAGAAGATTTTCACCTCTGCGCTGGGTACCGCTGAACCTTACGCTTACATCGCCAAGCCGGACTACGGCAACGAAGAGCGTGGCTTTGGGAACCCTCGTGGTGTCTATAAAGTTGACCTGACTATTCCCAACAAAGACCCGCGCTGCCAGCGTATGGTCGATGAAATCGTGAAGTGTCACGAAGAGGCTTATGCTGCTGCCGTTGAGGAATACGAAGCTAATCCACCTGCTGTAGCTCGTGGTAAGAAACCGCTGAAACCGTATGAGGGTGACATGCCGTTCTTCGATAACGGTGACGGTACGACTACCTTTAAGTTCAAATGCTACGCGTCTTTCCAAGACAAGAAGACCAAAGAGACCAAGCACATCAATCTGGTTGTGGTTGACTCAAAAGGTAAGAAGATGGAAGACGTTCCGATTATCGGTGGTGGCTCTAAGCTGAAAGTTAAATATTCTCTGGTTCCATACAAGTGGAACACTGCTGTAGGTGCGAGCGTTAAGCTGCAACTGGAATCCGTGATGCTGGTCGAACTGGCTACCTTTGGTGGCGGTGAAGACGATTGGGCTGACGAAGTTGAAGAGAACGGCTATGTTGCCTCTGGTTCTGCCAAAGCGAGCAAACCACGCGACGAAGAAAGCTGGGACGAAGACGACGAAGAGTCCGAGGAAGCAGACGAAGACGGAGACTTCTAA
gene-T7p18	phage	gene-T7p18	1.3323410552887305	0	0	0	0.9811207712775164	1.510664145182464	2.736142364796276	1006.971874346428	11405.422559656265	12031.823522193095	late	MELREKILERIKVTSSGCWEWQGATNNKGYGQVWCSNTGKVVYCHRVMSNAPKGSTVLHSCDNPLCCNPEHLSIGTPKENSTDMVNKGRSHKGYKLSDEDVMAIMESSESNVSLARTYGVSQQTICDIRKGRRHGRLRR	GTGGAACTGCGGGAGAAAATCCTTGAGCGAATCAAGGTGACTTCCTCTGGGTGTTGGGAGTGGCAGGGCGCTACGAACAATAAAGGGTACGGGCAGGTGTGGTGCAGCAATACCGGAAAGGTTGTCTACTGTCATCGCGTAATGTCTAATGCTCCGAAAGGTTCTACCGTCCTGCACTCCTGTGATAATCCATTATGTTGTAACCCTGAACACCTATCCATAGGAACTCCAAAAGAGAACTCCACTGACATGGTAAATAAGGGTCGCTCACACAAGGGGTATAAACTTTCAGACGAAGACGTAATGGCAATCATGGAGTCCAGCGAGTCCAATGTATCCTTAGCTCGCACCTATGGTGTCTCCCAACAGACTATTTGTGATATACGCAAAGGGAGGCGACATGGCAGGTTACGGCGCTAA
gene-T7p08	phage	gene-T7p08	1.0181957181888588	0	0	0	0.2823795777163327	0.4436504495547493	5.790463111145286	1681.1858488281289	2255.101506861225	1707.4208950127738	middle	MGRLYSGNLAAFKAATNKLFQLDLAVIYDDWYDAYTRKDCIRLRIEDRSGNLIDTSTFYHHDEDVLFNMCTDWLNHMYDQLKDWK	ATGGGACGTTTATATAGTGGTAATCTGGCAGCATTCAAGGCAGCAACAAACAAGCTGTTCCAGTTAGACTTAGCGGTCATTTATGATGACTGGTATGATGCCTATACAAGAAAAGATTGCATACGGTTACGTATTGAGGACAGGAGTGGAAACCTGATTGATACTAGCACCTTCTACCACCACGACGAGGACGTTCTGTTCAATATGTGTACTGATTGGTTGAACCATATGTATGACCAGTTGAAGGACTGGAAGTAA
gene-T7p02	phage	gene-T7p02	0.9575569605039124	0	0	0	0.1290324129224789	0.899018686314315	225.0517904693845	1331.2288157044354	603.1388091274102	1007.7188082422766	early	MSTTNVQYGLTAQTVLFYSDMVRCGFNWSLAMAQLKELYENNKAIALESAE	ATGTCTACTACCAACGTGCAATACGGTCTGACCGCTCAAACTGTACTTTTCTATAGCGACATGGTGCGCTGTGGCTTTAACTGGTCACTCGCAATGGCACAGCTCAAAGAACTGTACGAAAACAACAAGGCAATAGCTTTAGAATCTGCTGAGTGA
gene-T7p21	phage	gene-T7p21	1.0563417453456807	0	0	0	0.2114083290333146	0.5882830569900813	0.5085114836471616	1608.6259683304236	1924.6998465660845	1059.9103957823831	middle	MRKSYKQFYKAPRRHIQVWEAANGPIPKGYYIDHIDGNPLNDALDNLRLALPKENSWNMKTPKSNTSGLKGLSWSKEREMWRGTVTAEGKQHNFRSRDLLEVVAWIYRTRRELHGQFARFR	ATGCGCAAGTCTTATAAACAATTCTATAAGGCTCCGAGGAGGCATATCCAAGTGTGGGAGGCAGCCAATGGGCCTATACCAAAAGGTTATTATATAGACCACATTGACGGCAATCCACTCAACGACGCCTTAGACAATCTCCGTCTGGCTCTCCCAAAAGAAAACTCATGGAACATGAAGACTCCAAAGAGCAATACCTCAGGACTAAAGGGACTGAGTTGGAGCAAGGAAAGGGAGATGTGGAGAGGCACTGTAACAGCTGAGGGTAAACAGCATAACTTTCGTAGTAGAGATCTATTGGAAGTCGTTGCGTGGATTTATAGAACTAGGAGGGAATTGCATGGACAATTCGCACGATTCCGATAG
gene-T7p46	phage	gene-T7p46	1.3123064896650103	0	0	0	0.1136475158759022	0.8882834790875305	1.235157031100783	376.6140357420353	3515.1899043398744	3489.262534518893	middle	MRSYDMNVETAAELSAVNDILASIGEPPVSTLEGDANADAANARRILNKINRQIQSRGWTFNIEEGITLLPDVYSNLIVYSDDYLSLMSTSGQSIYVNRGGYVYDRTSQSDRFDSGITVNIIRLRDYDEMPECFRYWIVTKASRQFNNRFFGAPEVEGVLQEEEDEARRLCMEYEMDYGGYNMLDGDAFTSGLLTR	ATGCGCTCATACGATATGAACGTTGAGACTGCCGCTGAGTTATCAGCTGTGAACGACATTCTGGCGTCTATCGGTGAACCTCCGGTATCAACGCTGGAAGGTGACGCTAACGCAGATGCAGCGAACGCTCGGCGTATTCTCAACAAGATTAACCGACAGATTCAATCTCGTGGATGGACGTTCAACATTGAGGAAGGCATAACGCTACTACCTGATGTTTACTCCAACCTGATTGTATACAGTGACGACTATTTATCCCTAATGTCTACTTCCGGTCAATCCATCTACGTTAACCGAGGTGGCTATGTGTATGACCGAACGAGTCAATCAGACCGCTTTGACTCTGGTATTACTGTGAACATTATTCGTCTCCGCGACTACGATGAGATGCCTGAGTGCTTCCGTTACTGGATTGTCACCAAGGCTTCCCGTCAGTTCAACAACCGATTCTTTGGGGCACCGGAAGTAGAGGGTGTACTCCAAGAAGAGGAAGATGAGGCTAGACGTCTCTGCATGGAGTATGAGATGGACTACGGTGGGTACAATATGCTGGATGGAGATGCGTTCACTTCTGGTCTACTGACTCGCTAA
gene-T7p34	phage	gene-T7p34	1.2616200553901662	0	0	0	0.5394407922174643	0.5761105660620317	0.8548006006638832	1334.913563099126	6182.093297143778	3453.5927685482834	middle	MSRDLVTIPRDVWNDIQGYIDSLERENDSLKNQLMEADEYVAELEEKLNGTS	ATGTCTCGTGACCTTGTGACTATTCCACGCGATGTGTGGAACGATATACAGGGCTACATCGACTCTCTGGAACGTGAGAACGATAGCCTTAAGAATCAACTAATGGAAGCTGACGAATACGTAGCGGAACTAGAGGAGAAACTTAATGGCACTTCTTGA
gene-T7p27	phage	gene-T7p27	1.124061424539566	0	0	0	0.475426391428138	0.4811505023169303	0.9584065366281528	3773.525407040816	7385.792537158431	3502.512442895787	middle	MSNVAETIRLSDTADQWNRRVHINVRNGKATMVYRWKDSKSSKNHTQRMTLTDEQALRLVNALTKAAVTAIHEAGRVNEAMAILDKIDN	ATGTCTAACGTAGCTGAAACTATCCGTCTATCCGATACAGCTGACCAGTGGAACCGTCGAGTCCACATCAACGTTCGCAACGGTAAGGCGACTATGGTTTACCGCTGGAAGGACTCTAAGTCCTCTAAGAATCACACTCAGCGTATGACGTTGACAGATGAGCAAGCACTGCGTCTGGTCAATGCGCTTACCAAAGCTGCCGTGACAGCAATTCATGAAGCTGGTCGCGTCAATGAAGCTATGGCTATCCTCGACAAGATTGATAACTAA
gene-T7p57	phage	gene-T7p57	1.4841590988331357	0	0	0	1.5002270412423648	6.329501931921224	11.399223610253188	1185.571333479825	17572.65887080032	35604.672115643174	late	MSTQSNRNALVVAQLKGDFVAFLFVLWKALNLPVPTKCQIDMAKVLANGDNKKFILQAFRGIGKSFITCAFVVWSLWRDPQLKILIVSASKERADANSIFIKNIIDLLPFLSELKPRPGQRDSVISFDVGPANPDHSPSVKSVGITGQLTGSRADIIIADDVEIPSNSATMGAREKLWTLVQEFAALLKPLPSSRVIYLGTPQTEMTLYKELEDNRGYTTIIWPALYPRTREENLYYSQRLAPMLRAEYDENPEALAGTPTDPVRFDRDDLRERELEYGKAGFTLQFMLNPNLSDAEKYPLRLRDAIVAALDLEKAPMHYQWLPNRQNIIEDLPNVGLKGDDLHTYHDCSNNSGQYQQKILVIDPSGRGKDETGYAVLYTLNGYIYLMEAGGFRDGYSDKTLELLAKKAKQWGVQTVVYESNFGDGMFGKVFSPILLKHHNCAMEEIRARGMKEMRICDTLEPVMQTHRLVIRDEVIRADYQSARDVDGKHDVKYSLFYQMTRITREKGALAHDDRLDALALGIEYLRESMQLDSVKVEGEVLADFLEEHMMRPTVAATHIIEMSVGGVDVYSEDDEGYGTSFIEW	GTGTCTACTCAATCCAATCGTAATGCGCTCGTAGTGGCGCAACTGAAAGGAGACTTCGTGGCGTTCCTATTCGTCTTATGGAAGGCGCTAAACCTACCGGTGCCCACTAAGTGTCAGATTGACATGGCTAAGGTGCTGGCGAATGGAGACAACAAGAAGTTCATCTTACAGGCTTTCCGTGGTATCGGTAAGTCGTTCATCACATGTGCGTTCGTTGTGTGGTCCTTATGGAGAGACCCTCAGTTGAAGATACTTATCGTATCAGCCTCTAAGGAGCGTGCAGACGCTAACTCCATCTTTATTAAGAACATCATTGACCTGCTGCCATTCCTATCTGAGTTAAAGCCAAGACCCGGACAGCGTGACTCGGTAATCAGCTTTGATGTAGGCCCAGCCAATCCTGACCACTCTCCTAGTGTGAAATCAGTAGGTATCACTGGTCAGTTAACTGGTAGCCGTGCTGACATTATCATTGCGGATGACGTTGAGATTCCGTCTAACAGCGCAACTATGGGTGCCCGTGAGAAGCTATGGACTCTGGTTCAGGAGTTCGCTGCGTTACTTAAACCGCTGCCTTCCTCTCGCGTTATCTACCTTGGTACACCTCAGACAGAGATGACTCTCTATAAGGAACTTGAGGATAACCGTGGGTACACAACCATTATCTGGCCTGCTCTGTACCCAAGGACACGTGAAGAGAACCTCTATTACTCACAGCGTCTTGCTCCTATGTTACGCGCTGAGTACGATGAGAACCCTGAGGCACTTGCTGGGACTCCAACAGACCCAGTGCGCTTTGACCGTGATGACCTGCGCGAGCGTGAGTTGGAATACGGTAAGGCTGGCTTTACGCTACAGTTCATGCTTAACCCTAACCTTAGTGATGCCGAGAAGTACCCGCTGAGGCTTCGTGACGCTATCGTAGCGGCCTTAGACTTAGAGAAGGCCCCAATGCATTACCAGTGGCTTCCGAACCGTCAGAACATCATTGAGGACCTTCCTAACGTTGGCCTTAAGGGTGATGACCTGCATACGTACCACGATTGTTCCAACAACTCAGGTCAGTACCAACAGAAGATTCTGGTCATTGACCCTAGTGGTCGCGGTAAGGACGAAACAGGTTACGCTGTGCTGTACACACTGAACGGTTACATCTACCTTATGGAAGCTGGAGGTTTCCGTGATGGCTACTCCGATAAGACCCTTGAGTTACTCGCTAAGAAGGCAAAGCAATGGGGAGTCCAGACGGTTGTCTACGAGAGTAACTTCGGTGACGGTATGTTCGGTAAGGTATTCAGTCCTATCCTTCTTAAACACCACAACTGTGCGATGGAAGAGATTCGTGCCCGTGGTATGAAAGAGATGCGTATTTGCGATACCCTTGAGCCAGTCATGCAGACTCACCGCCTTGTAATTCGTGATGAGGTCATTAGGGCCGACTACCAGTCCGCTCGTGACGTAGACGGTAAGCATGACGTTAAGTACTCGTTGTTCTACCAGATGACCCGTATCACTCGTGAGAAAGGCGCTCTGGCTCATGATGACCGATTGGATGCCCTTGCGTTAGGCATTGAGTATCTCCGTGAGTCCATGCAGTTGGATTCCGTTAAGGTCGAGGGTGAAGTACTTGCTGACTTCCTTGAGGAACACATGATGCGTCCTACGGTTGCTGCTACGCATATCATTGAGATGTCTGTGGGAGGAGTTGATGTGTACTCTGAGGACGATGAGGGTTACGGTACGTCTTTCATTGAGTGGTGA
gene-T7p22	phage	gene-T7p22	1.0980088101258847	0	0	0	1.350358300395357	2.425712469805392	2.6372955269190994	12125.1173276605	15129.78189763163	6484.61467415679	middle	MDNSHDSDSVFLYHIPCDNCGSSDGNSLFSDGHTFCYVCEKWTAGNEDTKERASKRKPSGGKPMTYNVWNFGESNGRYSALTARGISKETCQKAGYWIAKVDGVMYQVADYRDQNGNIVSQKVRDKDKNFKTTGSHKSDALFGKHLWNGGKKIVVTEGEIDMLTVMELQDCKYPVVSLGHGASAAKKTCAANYEYFDQFEQIILMFDMDEAGRKAVEEAAQVLPAGKVRVAVLPCKDANECHLNGHDREIMEQVWNAGPWIPDGVVSALSLRERIREHLSSEESVGLLFSGCTGINDKTLGARGGEVIMVTSGSGMGKSTFVRQQALQWGTAMGKKVGLAMLEESVEETAEDLIGLHNRVRLRQSDSLKREIIENGKFDQWFDELFGNDTFHLYDSFAEAETDRLLAKLAYMRSGLGCDVIILDHISIVVSASGESDERKMIDNLMTKLKGFAKSTGVVLVVICHLKNPDKGKAHEEGRPVSITDLRGSGALRQLSDTIIALERNQQGDMPNLVLVRILKCRFTGDTGIAGYMEYNKETGWLEPSSYSGEEESHSESTDWSNDTDF	ATGGACAATTCGCACGATTCCGATAGTGTATTTCTTTACCACATTCCTTGTGACAACTGTGGGAGTAGTGATGGGAACTCGCTGTTCTCTGACGGACACACGTTCTGCTACGTATGCGAGAAGTGGACTGCTGGTAATGAAGACACTAAAGAGAGGGCTTCAAAACGGAAACCCTCAGGAGGTAAACCAATGACTTACAACGTGTGGAACTTCGGGGAATCCAATGGACGCTACTCCGCGTTAACTGCGAGAGGAATCTCCAAGGAAACCTGTCAGAAGGCTGGCTACTGGATTGCCAAAGTAGACGGTGTGATGTACCAAGTGGCTGACTATCGGGACCAGAACGGCAACATTGTGAGTCAGAAGGTTCGAGATAAAGATAAGAACTTTAAGACCACTGGTAGTCACAAGAGTGACGCTCTGTTCGGGAAGCACTTGTGGAATGGTGGTAAGAAGATTGTCGTTACAGAAGGTGAAATCGACATGCTTACCGTGATGGAACTTCAAGACTGTAAGTATCCTGTAGTGTCGTTGGGTCACGGTGCCTCTGCCGCTAAGAAGACATGCGCTGCCAACTACGAATACTTTGACCAGTTCGAACAGATTATCTTAATGTTCGATATGGACGAAGCAGGGCGCAAAGCAGTCGAAGAGGCTGCACAGGTTCTACCTGCTGGTAAGGTACGAGTGGCAGTTCTTCCGTGTAAGGATGCAAACGAGTGTCACCTAAATGGTCACGACCGTGAAATCATGGAGCAAGTGTGGAATGCTGGTCCTTGGATTCCTGATGGTGTGGTATCGGCTCTTTCGTTACGTGAACGAATCCGTGAGCACCTATCGTCCGAGGAATCAGTAGGTTTACTTTTCAGTGGCTGCACTGGTATCAACGATAAGACCTTAGGTGCCCGTGGTGGTGAAGTCATTATGGTCACTTCCGGTTCCGGTATGGGTAAGTCAACGTTCGTCCGTCAACAAGCTCTACAATGGGGCACAGCGATGGGCAAGAAGGTAGGCTTAGCGATGCTTGAGGAGTCCGTTGAGGAGACCGCTGAGGACCTTATAGGTCTACACAACCGTGTCCGACTGAGACAATCCGACTCACTAAAGAGAGAGATTATTGAGAACGGTAAGTTCGACCAATGGTTCGATGAACTGTTCGGCAACGATACGTTCCATCTATATGACTCATTCGCCGAGGCTGAGACGGATAGACTGCTCGCTAAGCTGGCCTACATGCGCTCAGGCTTGGGCTGTGACGTAATCATTCTAGACCACATCTCAATCGTCGTATCCGCTTCTGGTGAATCCGATGAGCGTAAGATGATTGACAACCTGATGACCAAGCTCAAAGGGTTCGCTAAGTCAACTGGGGTGGTGCTGGTCGTAATTTGTCACCTTAAGAACCCAGACAAAGGTAAAGCACATGAGGAAGGTCGCCCCGTTTCTATTACTGACCTACGTGGTTCTGGCGCACTACGCCAACTATCTGATACTATTATTGCCCTTGAGCGTAATCAGCAAGGCGATATGCCTAACCTTGTCCTCGTTCGTATTCTCAAGTGCCGCTTTACTGGTGATACTGGTATCGCTGGCTACATGGAATACAACAAGGAAACCGGATGGCTTGAACCATCAAGTTACTCAGGGGAAGAAGAGTCACACTCAGAGTCAACAGACTGGTCCAACGACACTGACTTCTGA
gene-T7p51	phage	gene-T7p51	1.445878584266688	0	0	0	1.1295183108653313	8.423609406735174	9.6337107117494	1086.185177612561	13212.47379374193	24441.238959420585	late	MDKYDKNVPSDYDGLFQKAADANGVSYDLLRKVAWTESRFVPTAKSKTGPLGMMQFTKATAKALGLRVTDGPDDDRLNPELAINAAAKQLAGLVGKFDGDELKAALAYNQGEGRLGNPQLEAYSKGDFASISEEGRNYMRNLLDVAKSPMAGQLETFGGITPKGKGIPAEVGLAGIGHKQKVTQELPESTSFDVKGIEQEATAKPFAKDFWETHGETLDEYNSRSTFFGFKNAAEAELSNSVAGMAFRAGRLDNGFDVFKDTITPTRWNSHIWTPEELEKIRTEVKNPAYINVVTGGSPENLDDLIKLANENFENDSRAAEAGLGAKLSAGIIGAGVDPLSYVPMVGVTGKGFKLINKALVVGAESAALNVASEGLRTSVAGGDADYAGAALGGFVFGAGMSAISDAVAAGLKRSKPEAEFDNEFIGPMMRLEARETARNANSADLSRMNTENMKFEGEHNGVPYEDLPTERGAVVLHDGSVLSASNPINPKTLKEFSEVDPEKAARGIKLAGFTEIGLKTLGSDDADIRRVAIDLVRSPTGMQSGASGKFGATASDIHERLHGTDQRTYNDLYKAMSDAMKDPEFSTGGAKMSREETRYTIYRRAALAIERPELQKALTPSERIVMDIIKRHFDTKRELMENPAIFGNTKAVSIFPESRHKGTYVPHVYDRHAKALMIQRYGAEGLQEGIARSWMNSYVSRPEVKARVDEMLKELHGVKEVTPEMVEKYAMDKAYGISHSDQFTNSSIIEENIEGLVGIENNSFLEARNLFDSDLSITMPDGQQFSVNDLRDFDMFRIMPAYDRRVNGDIAIMGSTGKTTKELKDEILALKAKAEGDGKKTGEVHALMDTVKILTGRARRNQDTVWETSLRAINDLGFFAKNAYMGAQNITEIAGMIVTGNVRALGHGIPILRDTLYKSKPVSAKELKELHASLFGKEVDQLIRPKRADIVQRLREATDTGPAVANIVGTLKYSTQELAARSPWTKLLNGTTNYLLDAARQGMLGDVISATLTGKTTRWEKEGFLRGASVTPEQMAGIKSLIKEHMVRGEDGKFTVKDKQAFSMDPRAMDLWRLADKVADEAMLRPHKVSLQDSHAFGALGKMVMQFKSFTIKSLNSKFLRTFYDGYKNNRAIDAALSIITSMGLAGGFYAMAAHVKAYALPKEKRKEYLERALDPTMIAHAALSRSSQLGAPLAMVDLVGGVLGFESSKMARSTILPKDTVKERDPNKPYTSREVMGAMGSNLLEQMPSAGFVANVGATLMNAAGVVNSPNKATEQDFMTGLMNSTKELVPNDPLTQQLVLKIYEANGVNLRERRK	ATGGATAAGTACGATAAGAACGTACCAAGTGATTATGATGGTCTGTTCCAAAAGGCTGCTGATGCCAACGGGGTCTCTTATGACCTTTTACGTAAAGTCGCTTGGACAGAATCACGATTTGTGCCTACAGCAAAATCTAAGACTGGACCATTAGGCATGATGCAATTTACCAAGGCAACCGCTAAGGCCCTCGGTCTGCGAGTTACCGATGGTCCAGACGACGACCGACTGAACCCTGAGTTAGCTATTAATGCTGCCGCTAAGCAACTTGCAGGTCTGGTAGGGAAGTTTGATGGCGATGAACTCAAAGCTGCCCTTGCGTACAACCAAGGCGAGGGACGCTTGGGTAATCCACAACTTGAGGCGTACTCTAAGGGAGACTTCGCATCAATCTCTGAGGAGGGACGTAACTACATGCGTAACCTTCTGGATGTTGCTAAGTCACCTATGGCTGGACAGTTGGAAACTTTTGGTGGCATAACCCCAAAGGGTAAAGGCATTCCGGCTGAGGTAGGATTGGCTGGAATTGGTCACAAGCAGAAAGTAACACAGGAACTTCCTGAGTCCACAAGTTTTGACGTTAAGGGTATCGAACAGGAGGCTACGGCGAAACCATTCGCCAAGGACTTTTGGGAGACCCACGGAGAAACACTTGACGAGTACAACAGTCGTTCAACCTTCTTCGGATTCAAAAATGCTGCCGAAGCTGAACTCTCCAACTCAGTCGCTGGGATGGCTTTCCGTGCTGGTCGTCTCGATAATGGTTTTGATGTGTTTAAAGACACCATTACGCCGACTCGCTGGAACTCTCACATCTGGACTCCAGAGGAGTTAGAGAAGATTCGAACAGAGGTTAAGAACCCTGCGTACATCAACGTTGTAACTGGTGGTTCCCCTGAGAACCTCGATGACCTCATTAAATTGGCTAACGAGAACTTTGAGAATGACTCCCGCGCTGCCGAGGCTGGCCTAGGTGCCAAACTGAGTGCTGGTATTATTGGTGCTGGTGTGGACCCGCTTAGCTATGTTCCTATGGTCGGTGTCACTGGTAAGGGCTTTAAGTTAATCAATAAGGCTCTTGTAGTTGGTGCCGAAAGTGCTGCTCTGAACGTTGCATCCGAAGGTCTCCGTACCTCCGTAGCTGGTGGTGACGCAGACTATGCGGGTGCTGCCTTAGGTGGCTTTGTGTTTGGCGCAGGCATGTCTGCAATCAGTGACGCTGTAGCTGCTGGACTGAAACGCAGTAAACCAGAAGCTGAGTTCGACAATGAGTTCATCGGTCCTATGATGCGATTGGAAGCCCGTGAGACAGCACGAAACGCCAACTCTGCGGACCTCTCTCGGATGAACACTGAGAACATGAAGTTTGAAGGTGAACATAATGGTGTCCCTTATGAGGACTTACCAACAGAGAGAGGTGCCGTGGTGTTACATGATGGCTCCGTTCTAAGTGCAAGCAACCCAATCAACCCTAAGACTCTAAAAGAGTTCTCCGAGGTTGACCCTGAGAAGGCTGCGCGAGGAATCAAACTGGCTGGGTTCACCGAGATTGGCTTGAAGACCTTGGGGTCTGACGATGCTGACATCCGTAGAGTGGCTATCGACCTCGTTCGCTCTCCTACTGGTATGCAGTCTGGTGCCTCAGGTAAGTTCGGTGCAACAGCTTCTGACATCCATGAGAGACTTCATGGTACTGACCAGCGTACTTATAATGACTTGTACAAAGCAATGTCTGACGCTATGAAAGACCCTGAGTTCTCTACTGGCGGCGCTAAGATGTCCCGTGAAGAAACTCGATACACTATCTACCGTAGAGCGGCACTAGCTATTGAGCGTCCAGAACTACAGAAGGCACTCACTCCGTCTGAGAGAATCGTTATGGACATCATTAAGCGTCACTTTGACACCAAGCGTGAACTTATGGAAAACCCAGCAATATTCGGTAACACAAAGGCTGTGAGTATCTTCCCTGAGAGTCGCCACAAAGGTACTTACGTTCCTCACGTATATGACCGTCATGCCAAGGCGCTGATGATTCAACGCTACGGTGCCGAAGGTTTGCAGGAAGGGATTGCCCGCTCATGGATGAACAGCTACGTCTCCAGACCTGAGGTCAAGGCCAGAGTCGATGAGATGCTTAAGGAATTACACGGGGTGAAGGAAGTAACACCAGAGATGGTAGAGAAGTACGCTATGGATAAGGCTTATGGTATCTCCCACTCAGACCAGTTCACCAACAGTTCCATAATAGAAGAGAACATTGAGGGCTTAGTAGGTATCGAGAATAACTCATTCCTTGAGGCACGTAACTTGTTTGATTCGGACCTATCCATCACTATGCCAGACGGACAGCAATTCTCAGTGAATGACCTAAGGGACTTCGATATGTTCCGCATCATGCCAGCGTATGACCGCCGTGTCAATGGTGACATCGCCATCATGGGGTCTACTGGTAAAACCACTAAGGAACTTAAGGATGAGATTTTGGCTCTCAAAGCGAAAGCTGAGGGAGACGGTAAGAAGACTGGCGAGGTACATGCTTTAATGGATACCGTTAAGATTCTTACTGGTCGTGCTAGACGCAATCAGGACACTGTGTGGGAAACCTCACTGCGTGCCATCAATGACCTAGGGTTCTTCGCTAAGAACGCCTACATGGGTGCTCAGAACATTACGGAGATTGCTGGGATGATTGTCACTGGTAACGTTCGTGCTCTAGGGCATGGTATCCCAATTCTGCGTGATACACTCTACAAGTCTAAACCAGTTTCAGCTAAGGAACTCAAGGAACTCCATGCGTCTCTGTTCGGGAAGGAGGTGGACCAGTTGATTCGGCCTAAACGTGCTGACATTGTGCAGCGCCTAAGGGAAGCAACTGATACCGGACCTGCCGTGGCGAACATCGTAGGGACCTTGAAGTATTCAACACAGGAACTGGCTGCTCGCTCTCCGTGGACTAAGCTACTGAACGGAACCACTAACTACCTTCTGGATGCTGCGCGTCAAGGTATGCTTGGGGATGTTATTAGTGCCACCCTAACAGGTAAGACTACCCGCTGGGAGAAAGAAGGCTTCCTTCGTGGTGCCTCCGTAACTCCTGAGCAGATGGCTGGCATCAAGTCTCTCATCAAGGAACATATGGTACGCGGTGAGGACGGGAAGTTTACCGTTAAGGACAAGCAAGCGTTCTCTATGGACCCACGGGCTATGGACTTATGGAGACTGGCTGACAAGGTAGCTGATGAGGCAATGCTGCGTCCACATAAGGTGTCCTTACAGGATTCCCATGCGTTCGGAGCACTAGGTAAGATGGTTATGCAGTTTAAGTCTTTCACTATCAAGTCCCTTAACTCTAAGTTCCTGCGAACCTTCTATGATGGATACAAGAACAACCGAGCGATTGACGCTGCGCTGAGCATCATCACCTCTATGGGTCTCGCTGGTGGTTTCTATGCTATGGCTGCACACGTCAAAGCATACGCTCTGCCTAAGGAGAAACGTAAGGAGTACTTGGAGCGTGCACTGGACCCAACCATGATTGCCCACGCTGCGTTATCTCGTAGTTCTCAATTGGGTGCTCCTTTGGCTATGGTTGACCTAGTTGGTGGTGTTTTAGGGTTCGAGTCCTCCAAGATGGCTCGCTCTACGATTCTACCTAAGGACACCGTGAAGGAACGTGACCCAAACAAACCGTACACCTCTAGAGAGGTAATGGGCGCTATGGGTTCAAACCTTCTGGAACAGATGCCTTCGGCTGGCTTTGTGGCTAACGTAGGGGCTACCTTAATGAATGCTGCTGGCGTGGTCAACTCACCTAATAAAGCAACCGAGCAGGACTTCATGACTGGTCTTATGAACTCCACAAAAGAGTTAGTACCGAACGACCCATTGACTCAACAGCTTGTGTTGAAGATTTATGAGGCGAACGGTGTTAACTTGAGGGAGCGTAGGAAATAA
gene-T7p20	phage	gene-T7p20	1.3253893054000376	0	0	0	0.4659947309314267	1.395744123216624	1.9099996105722696	868.8146606917404	8411.729982084358	6205.49166823954	middle	MARVQFKQRESTDAIFVHCSATKPSQNVGVREIRQWHKEQGWLDVGYHFIIKRDGTVEAGRDEMAVGSHAKGYNHNSIGVCLVGGIDDKGKFDANFTPAQMQSLRSLLVTLLAKYEGAVLRAHHEVAPKACPSFDLKRWWEKNELVTSDRG	ATGGCTCGTGTACAGTTTAAACAACGTGAATCTACTGACGCAATCTTTGTTCACTGCTCGGCTACCAAGCCAAGTCAGAATGTTGGTGTCCGTGAGATTCGCCAGTGGCACAAAGAGCAGGGTTGGCTCGATGTGGGATACCACTTTATCATCAAGCGAGACGGTACTGTGGAGGCAGGACGAGATGAGATGGCTGTAGGCTCTCACGCTAAGGGTTACAACCACAACTCTATCGGCGTCTGCCTTGTTGGTGGTATCGACGATAAAGGTAAGTTCGACGCTAACTTTACGCCAGCCCAAATGCAATCCCTTCGCTCACTGCTTGTCACACTGCTGGCTAAGTACGAAGGCGCTGTGCTTCGCGCCCATCATGAGGTGGCGCCGAAGGCTTGCCCTTCGTTCGACCTTAAGCGTTGGTGGGAGAAGAACGAACTGGTCACTTCTGACCGTGGATAA
gene-T7p03	phage	gene-T7p03	1.282381852886423	0	0	0	0.3071961352596207	2.744235566422314	908.918670960954	6141.635816292815	1393.6830326274844	1353.9297001257278	early	MNITDIMNAIDAIKALPICELDKRQGMLIDLLVEMVNSETCDGELTELNQALEHQDWWTTLKCLTADAGFKMLGNGHFSAAYSHPLLPNRVIKVGFKKEDSGAAYTAFCRMYQGRPGIPNVYDVQRHAGCYTVVLDALKDCERFNNDAHYKYAEIASDIIDCNSDEHDELTGWDGEFVETCKLIRKFFEGIASFDMHSGNIMFSNGDVPYITDPVSFSQKKDGGAFSIDPEELIKEVEEVARQKEIDRAKARKERHEGRLEARRFKRRNRKARKAHKAKRERMLAAWRWAERQERRNHEVAVDVLGRTNNAMLWVNMFSGDFKALEERIALHWRNADRMAIANGLTLNIDKQLDAMLMG	ATGAACATTACCGACATCATGAACGCTATCGACGCAATCAAAGCACTGCCAATCTGTGAACTTGACAAGCGTCAAGGTATGCTTATCGACTTACTGGTCGAGATGGTCAACAGCGAGACGTGTGATGGCGAGCTAACCGAACTAAATCAGGCACTTGAGCATCAAGATTGGTGGACTACCTTGAAGTGTCTCACGGCTGACGCAGGGTTCAAGATGCTCGGTAATGGTCACTTCTCGGCTGCTTATAGTCACCCGCTGCTACCTAACAGAGTGATTAAGGTGGGCTTTAAGAAAGAGGATTCAGGCGCAGCCTATACCGCATTCTGCCGCATGTATCAGGGTCGTCCTGGTATCCCTAACGTCTACGATGTACAGCGCCACGCTGGATGCTATACGGTGGTACTTGACGCACTTAAGGATTGCGAGCGTTTCAACAATGATGCCCATTATAAATACGCTGAGATTGCAAGCGACATCATTGATTGCAATTCGGATGAGCATGATGAGTTAACTGGATGGGATGGTGAGTTTGTTGAAACTTGTAAACTAATCCGCAAGTTCTTTGAGGGCATCGCCTCATTCGACATGCATAGCGGGAACATCATGTTCTCAAATGGAGACGTACCATACATCACCGACCCGGTATCATTCTCGCAGAAGAAAGACGGTGGCGCATTCAGCATCGACCCTGAGGAACTCATCAAGGAAGTCGAGGAAGTCGCACGACAGAAAGAAATTGACCGCGCTAAGGCCCGTAAAGAACGTCACGAGGGGCGCTTAGAGGCACGCAGATTCAAACGTCGCAACCGCAAGGCACGTAAAGCACACAAAGCTAAGCGCGAAAGAATGCTTGCTGCGTGGCGATGGGCTGAACGTCAAGAACGGCGTAACCATGAGGTAGCTGTAGATGTACTAGGAAGAACCAATAACGCTATGCTCTGGGTCAACATGTTCTCTGGGGACTTTAAGGCGCTTGAGGAACGAATCGCGCTGCACTGGCGTAATGCTGACCGGATGGCTATCGCTAATGGTCTTACGCTCAACATTGATAAGCAACTTGACGCAATGTTAATGGGCTGA
gene-T7p40	phage	gene-T7p40	1.1642311240540038	0	0	0	0.592050525578973	0.8785308518387774	1.689811182168867	2692.232239770962	7973.000090794052	4899.960733834401	middle	MGKKVKKAVKKVTKSVKKVVKEGARPVKQVAGGLAGLAGGTGEAQMVEVPQAAAQIVDVPEKEVSTEDEAQTESGRKKARAGGKKSLSVARSSGGGINI	ATGGGTAAGAAAGTTAAGAAGGCCGTGAAGAAAGTCACCAAGTCCGTTAAGAAAGTCGTTAAGGAAGGGGCTCGTCCGGTTAAACAGGTTGCTGGCGGTCTAGCTGGTCTGGCTGGTGGTACTGGTGAAGCACAGATGGTGGAAGTACCACAAGCTGCCGCACAGATTGTTGACGTACCTGAGAAAGAGGTTTCCACTGAGGACGAAGCACAGACAGAAAGCGGACGCAAGAAAGCTCGTGCTGGCGGTAAGAAATCCTTGAGTGTAGCCCGTAGCTCCGGTGGCGGTATCAACATTTAA
gene-T7p23	phage	gene-T7p23	1.096978396087682	0	0	0	0.0645162064612394	0.1699601692694634	0.3892242577178781	1401.3826108200606	1551.9906918381716	684.3373767510161	middle	MGTRCSLTDTRSATYARSGLLVMKTLKRGLQNGNPQEVNQ	ATGGGAACTCGCTGTTCTCTGACGGACACACGTTCTGCTACGTATGCGAGAAGTGGACTGCTGGTAATGAAGACACTAAAGAGAGGGCTTCAAAACGGAAACCCTCAGGAGGTAAACCAATGA
gene-T7p29	phage	gene-T7p29	1.0922295715243189	0	0	0	1.0729283478850633	3.1980933469490496	3.119203528723326	9713.940423631577	16318.315809207255	8167.069152765666	middle	MIVSDIEANALLESVTKFHCGVIYDYSTAEYVSYRPSDFGAYLDALEAEVARGGLIVFHNGHKYDVPALTKLAKLQLNREFHLPRENCIDTLVLSRLIHSNLKDTDMGLLRSGKLPGKRFGSHALEAWGYRLGEMKGEYKDDFKRMLEEQGEEYVDGMEWWNFNEEMMDYNVQDVVVTKALLEKLLSDKHYFPPEIDFTDVGYTTFWSESLEAVDIEHRAAWLLAKQERNGFPFDTKAIEELYVELAARRSELLRKLTETFGSWYQPKGGTEMFCHPRTGKPLPKYPRIKTPKVGGIFKKPKNKAQREGREPCELDTREYVAGAPYTPVEHVVFNPSSRDHIQKKLQEAGWVPTKYTDKGAPVVDDEVLEGVRVDDPEKQAAIDLIKEYLMIQKRIGQSAEGDKAWLRYVAEDGKIHGSVNPNGAVTGRATHAFPNLAQIPGVRSPYGEQCRAAFGAEHHLDGITGKPWVQAGIDASGLELRCLAHFMARFDNGEYAHEILNGDIHTKNQIAAELPTRDNAKTFIYGFLYGAGDEKIGQIVGAGKERGKELKKKFLENTPAIAALRESIQQTLVESSQWVAGEQQVKWKRRWIKGLDGRKVHVRSPHAALNTLLQSAGALICKLWIIKTEEMLVEKGLKHGWDGDFAYMAWVHDEIQVGCRTEEIAQVVIETAQEAMRWVGDHWNFRCLLDTEGKMGPNWAICH	ATGATCGTTTCTGACATCGAAGCTAACGCCCTCTTAGAGAGCGTCACTAAGTTCCACTGCGGGGTTATCTACGACTACTCCACCGCTGAGTACGTAAGCTACCGTCCGAGTGACTTCGGTGCGTATCTGGATGCGCTGGAAGCCGAGGTTGCACGAGGCGGTCTTATTGTGTTCCACAACGGTCACAAGTATGACGTTCCTGCATTGACCAAACTGGCAAAGTTGCAATTGAACCGAGAGTTCCACCTTCCTCGTGAGAACTGTATTGACACCCTTGTGTTGTCACGTTTGATTCATTCCAACCTCAAGGACACCGATATGGGTCTTCTGCGTTCCGGCAAGTTGCCCGGAAAACGCTTTGGGTCTCACGCTTTGGAGGCGTGGGGTTATCGCTTAGGCGAGATGAAGGGTGAATACAAAGACGACTTTAAGCGTATGCTTGAAGAGCAGGGTGAAGAATACGTTGACGGAATGGAGTGGTGGAACTTCAACGAAGAGATGATGGACTATAACGTTCAGGACGTTGTGGTAACTAAAGCTCTCCTTGAGAAGCTACTCTCTGACAAACATTACTTCCCTCCTGAGATTGACTTTACGGACGTAGGATACACTACGTTCTGGTCAGAATCCCTTGAGGCCGTTGACATTGAACATCGTGCTGCATGGCTGCTCGCTAAACAAGAGCGCAACGGGTTCCCGTTTGACACAAAAGCAATCGAAGAGTTGTACGTAGAGTTAGCTGCTCGCCGCTCTGAGTTGCTCCGTAAATTGACCGAAACGTTCGGCTCGTGGTATCAGCCTAAAGGTGGCACTGAGATGTTCTGCCATCCGCGAACAGGTAAGCCACTACCTAAATACCCTCGCATTAAGACACCTAAAGTTGGTGGTATCTTTAAGAAGCCTAAGAACAAGGCACAGCGAGAAGGCCGTGAGCCTTGCGAACTTGATACCCGCGAGTACGTTGCTGGTGCTCCTTACACCCCAGTTGAACATGTTGTGTTTAACCCTTCGTCTCGTGACCACATTCAGAAGAAACTCCAAGAGGCTGGGTGGGTCCCGACCAAGTACACCGATAAGGGTGCTCCTGTGGTGGACGATGAGGTACTCGAAGGAGTACGTGTAGATGACCCTGAGAAGCAAGCCGCTATCGACCTCATTAAAGAGTACTTGATGATTCAGAAGCGAATCGGACAGTCTGCTGAGGGAGACAAAGCATGGCTTCGTTATGTTGCTGAGGATGGTAAGATTCATGGTTCTGTTAACCCTAATGGAGCAGTTACGGGTCGTGCGACCCATGCGTTCCCAAACCTTGCGCAAATTCCGGGTGTACGTTCTCCTTATGGAGAGCAGTGTCGCGCTGCTTTTGGCGCTGAGCACCATTTGGATGGGATAACTGGTAAGCCTTGGGTTCAGGCTGGCATCGACGCATCCGGTCTTGAGCTACGCTGCTTGGCTCACTTCATGGCTCGCTTTGATAACGGCGAGTACGCTCACGAGATTCTTAACGGCGACATCCACACTAAGAACCAGATAGCTGCTGAACTACCTACCCGAGATAACGCTAAGACGTTCATCTATGGGTTCCTCTATGGTGCTGGTGATGAGAAGATTGGACAGATTGTTGGTGCTGGTAAAGAGCGCGGTAAGGAACTCAAGAAGAAATTCCTTGAGAACACCCCCGCGATTGCAGCACTCCGCGAGTCTATCCAACAGACACTTGTCGAGTCCTCTCAATGGGTAGCTGGTGAGCAACAAGTCAAGTGGAAACGCCGCTGGATTAAAGGTCTGGATGGTCGTAAGGTACACGTTCGTAGTCCTCACGCTGCCTTGAATACCCTACTGCAATCTGCTGGTGCTCTCATCTGCAAACTGTGGATTATCAAGACCGAAGAGATGCTCGTAGAGAAAGGCTTGAAGCATGGCTGGGATGGGGACTTTGCGTACATGGCATGGGTACATGATGAAATCCAAGTAGGCTGCCGTACCGAAGAGATTGCTCAGGTGGTCATTGAGACCGCACAAGAAGCGATGCGCTGGGTTGGAGACCACTGGAACTTCCGGTGTCTTCTGGATACCGAAGGTAAGATGGGTCCTAATTGGGCGATTTGCCACTGA
gene-T7p01	phage	gene-T7p01	0.9620683677927468	0	0	0	0.2550882075700252	3.3038617904525003	615.6311905424972	3476.6894616288328	1607.3837875872105	2154.754240047423	early	MAMSNMTYNNVFDHAYEMLKENIRYDDIRDTDDLHDAIHMAADNAVPHYYADIFSVMASEGIDLEFEDSGLMPDTKDVIRILQARIYEQLTIDLWEDAEDLLNEYLEEVEEYEEDEE	ATGGCTATGTCTAACATGACTTACAACAACGTTTTCGACCACGCTTACGAAATGCTGAAAGAAAACATCCGTTATGATGACATCCGTGACACTGATGACCTGCACGATGCTATTCACATGGCTGCCGATAATGCAGTTCCGCACTACTACGCTGACATCTTTAGCGTAATGGCAAGTGAGGGCATTGACCTTGAGTTCGAAGACTCTGGTCTGATGCCTGACACCAAGGACGTAATCCGCATCCTGCAAGCGCGTATCTATGAGCAATTAACGATTGACCTCTGGGAAGACGCAGAAGACTTGCTCAATGAATACTTGGAGGAAGTCGAGGAGTACGAGGAGGATGAAGAGTAA
gene-T7p12	phage	gene-T7p12	1.196968182315762	0	0	0	0.0183615153215093	0.1412301637780033	0.2453879145426025	51.97753806333889	159.4152543860864	204.9499005221183	late	MMYLMPLLIVIVGCLALHCSDDDMPDGHA	ATGATGTACTTAATGCCATTACTCATCGTCATTGTAGGATGCCTTGCGCTCCACTGTAGCGATGATGATATGCCAGATGGTCACGCTTAA
gene-T7p24	phage	gene-T7p24	1.100290324865417	0	0	0	1.2674805786126082	2.305424844226158	2.2255765165521715	11020.271624854384	13880.840519114212	5884.043787154347	middle	MTYNVWNFGESNGRYSALTARGISKETCQKAGYWIAKVDGVMYQVADYRDQNGNIVSQKVRDKDKNFKTTGSHKSDALFGKHLWNGGKKIVVTEGEIDMLTVMELQDCKYPVVSLGHGASAAKKTCAANYEYFDQFEQIILMFDMDEAGRKAVEEAAQVLPAGKVRVAVLPCKDANECHLNGHDREIMEQVWNAGPWIPDGVVSALSLRERIREHLSSEESVGLLFSGCTGINDKTLGARGGEVIMVTSGSGMGKSTFVRQQALQWGTAMGKKVGLAMLEESVEETAEDLIGLHNRVRLRQSDSLKREIIENGKFDQWFDELFGNDTFHLYDSFAEAETDRLLAKLAYMRSGLGCDVIILDHISIVVSASGESDERKMIDNLMTKLKGFAKSTGVVLVVICHLKNPDKGKAHEEGRPVSITDLRGSGALRQLSDTIIALERNQQGDMPNLVLVRILKCRFTGDTGIAGYMEYNKETGWLEPSSYSGEEESHSESTDWSNDTDF	ATGACTTACAACGTGTGGAACTTCGGGGAATCCAATGGACGCTACTCCGCGTTAACTGCGAGAGGAATCTCCAAGGAAACCTGTCAGAAGGCTGGCTACTGGATTGCCAAAGTAGACGGTGTGATGTACCAAGTGGCTGACTATCGGGACCAGAACGGCAACATTGTGAGTCAGAAGGTTCGAGATAAAGATAAGAACTTTAAGACCACTGGTAGTCACAAGAGTGACGCTCTGTTCGGGAAGCACTTGTGGAATGGTGGTAAGAAGATTGTCGTTACAGAAGGTGAAATCGACATGCTTACCGTGATGGAACTTCAAGACTGTAAGTATCCTGTAGTGTCGTTGGGTCACGGTGCCTCTGCCGCTAAGAAGACATGCGCTGCCAACTACGAATACTTTGACCAGTTCGAACAGATTATCTTAATGTTCGATATGGACGAAGCAGGGCGCAAAGCAGTCGAAGAGGCTGCACAGGTTCTACCTGCTGGTAAGGTACGAGTGGCAGTTCTTCCGTGTAAGGATGCAAACGAGTGTCACCTAAATGGTCACGACCGTGAAATCATGGAGCAAGTGTGGAATGCTGGTCCTTGGATTCCTGATGGTGTGGTATCGGCTCTTTCGTTACGTGAACGAATCCGTGAGCACCTATCGTCCGAGGAATCAGTAGGTTTACTTTTCAGTGGCTGCACTGGTATCAACGATAAGACCTTAGGTGCCCGTGGTGGTGAAGTCATTATGGTCACTTCCGGTTCCGGTATGGGTAAGTCAACGTTCGTCCGTCAACAAGCTCTACAATGGGGCACAGCGATGGGCAAGAAGGTAGGCTTAGCGATGCTTGAGGAGTCCGTTGAGGAGACCGCTGAGGACCTTATAGGTCTACACAACCGTGTCCGACTGAGACAATCCGACTCACTAAAGAGAGAGATTATTGAGAACGGTAAGTTCGACCAATGGTTCGATGAACTGTTCGGCAACGATACGTTCCATCTATATGACTCATTCGCCGAGGCTGAGACGGATAGACTGCTCGCTAAGCTGGCCTACATGCGCTCAGGCTTGGGCTGTGACGTAATCATTCTAGACCACATCTCAATCGTCGTATCCGCTTCTGGTGAATCCGATGAGCGTAAGATGATTGACAACCTGATGACCAAGCTCAAAGGGTTCGCTAAGTCAACTGGGGTGGTGCTGGTCGTAATTTGTCACCTTAAGAACCCAGACAAAGGTAAAGCACATGAGGAAGGTCGCCCCGTTTCTATTACTGACCTACGTGGTTCTGGCGCACTACGCCAACTATCTGATACTATTATTGCCCTTGAGCGTAATCAGCAAGGCGATATGCCTAACCTTGTCCTCGTTCGTATTCTCAAGTGCCGCTTTACTGGTGATACTGGTATCGCTGGCTACATGGAATACAACAAGGAAACCGGATGGCTTGAACCATCAAGTTACTCAGGGGAAGAAGAGTCACACTCAGAGTCAACAGACTGGTCCAACGACACTGACTTCTGA
gene-T7p44	phage	gene-T7p44	1.3844600661721709	0	0	0	10.630085680190575	20.236052854290666	55.83611562552419	8722.413381210146	131862.79390240353	182291.48341826483	late	MASMTGGQQMGTNQGKGVVAAGDKLALFLKVFGGEVLTAFARTSVTTSRHMVRSISSGKSAQFPVLGRTQAAYLAPGENLDDKRKDIKHTEKVITIDGLLTADVLIYDIEDAMNHYDVRSEYTSQLGESLAMAADGAVLAEIAGLCNVESKYNENIEGLGTATVIETTQNKAALTDQVALGKEIIAALTKARAALTKNYVPAADRVFYCDPDSYSAILAALMPNAANYAALIDPEKGSIRNVMGFEVVEVPHLTAGGAGTAREGTTGQKHVFPANKGEGNVKVAKDNVIGLFMHRSAVGTVKLRDLALERARRANFQADQIIAKYAMGHGGLRPEAAGAVVFQSGVMLGVASTVAASPEEASVTSTEETLTPAQEAARTRAANKARKEAELAAATAEQ	ATGGCTAGCATGACTGGTGGACAGCAAATGGGTACTAACCAAGGTAAAGGTGTAGTTGCTGCTGGAGATAAACTGGCGTTGTTCTTGAAGGTATTTGGCGGTGAAGTCCTGACTGCGTTCGCTCGTACCTCCGTGACCACTTCTCGCCACATGGTACGTTCCATCTCCAGCGGTAAATCCGCTCAGTTCCCTGTTCTGGGTCGCACTCAGGCAGCGTATCTGGCTCCGGGCGAGAACCTCGACGATAAACGTAAGGACATCAAACACACCGAGAAGGTAATCACCATTGACGGTCTCCTGACGGCTGACGTTCTGATTTATGATATTGAGGACGCGATGAACCACTACGACGTTCGCTCTGAGTATACCTCTCAGTTGGGTGAATCTCTGGCGATGGCTGCGGATGGTGCGGTTCTGGCTGAGATTGCCGGTCTGTGTAACGTGGAAAGCAAATATAATGAGAACATCGAGGGCTTAGGTACTGCTACCGTAATTGAGACCACTCAGAACAAGGCCGCACTTACCGACCAAGTTGCGCTGGGTAAGGAGATTATTGCGGCTCTGACTAAGGCTCGTGCGGCTCTGACCAAGAACTATGTTCCGGCTGCTGACCGTGTGTTCTACTGTGACCCAGATAGCTACTCTGCGATTCTGGCAGCACTGATGCCGAACGCAGCAAACTACGCTGCTCTGATTGACCCTGAGAAGGGTTCTATCCGCAACGTTATGGGCTTTGAGGTTGTAGAAGTTCCGCACCTCACCGCTGGTGGTGCTGGTACCGCTCGTGAGGGCACTACTGGTCAGAAGCACGTCTTCCCTGCCAATAAAGGTGAGGGTAATGTCAAGGTTGCTAAGGACAACGTTATCGGCCTGTTCATGCACCGCTCTGCGGTAGGTACTGTTAAGCTGCGTGACTTGGCTCTGGAGCGCGCTCGCCGTGCTAACTTCCAAGCGGACCAGATTATCGCTAAGTACGCAATGGGCCACGGTGGTCTTCGCCCAGAAGCTGCTGGTGCAGTGGTTTTTCAAAGTGGAGTAATGCTGGGGGTGGCCTCAACGGTCGCTGCTAGTCCCGAAGAGGCGAGTGTTACTTCAACAGAAGAAACCTTAACGCCAGCACAGGAGGCCGCACGCACCCGCGCTGCTAACAAAGCCCGAAAGGAAGCTGAGTTGGCTGCTGCCACCGCTGAGCAATAA
gene-T7p06	phage	gene-T7p06	1.233917057307485	0	0	0	0.0491313094146627	0.3443053621742875	172.54703583079404	903.5699959039504	219.5624510928669	196.02110371594884	early	MMKHYVMPIHTSNGATVCTPDGFAMKQRIERLKRELRINRKINKIGSGYDRTH	ATGATGAAGCACTACGTTATGCCAATCCACACGTCCAACGGGGCAACCGTATGTACACCTGATGGGTTCGCAATGAAACAACGAATCGAACGCCTTAAGCGTGAACTCCGCATTAACCGCAAGATTAACAAGATAGGTTCCGGCTATGACAGAACGCACTGA
gene-T7p11	phage	gene-T7p11	1.2060081429919574	0	0	0	0.0	0.1743451929048239	0.2003984092445034	12.238388209238911	37.78994976820616	50.50909094520704	late	MFKKVGKFLAALAAILTLAYILAVYPQVALVVVGACYLAAVCACVWSIVNW	ATGTTTAAGAAGGTTGGTAAATTCCTTGCGGCTTTGGCAGCTATCCTGACGCTTGCGTATATTCTTGCGGTATACCCTCAAGTAGCACTAGTAGTAGTTGGCGCTTGTTACTTAGCGGCAGTGTGTGCTTGCGTGTGGAGTATAGTTAACTGGTAA
gene-T7p35	phage	gene-T7p35	1.2413346351997914	0	0	0	1.916588657087216	2.446655008004162	4.025156728476136	5202.113907145542	23458.754174667964	14398.421466861351	middle	MALLDLKQFYELREGCDDKGILVMDGDWLVFQAMSAAEFDASWEEEIWHRCCDHAKARQILEDSIKSYETRKKAWAGAPIVLAFTDSVNWRKELVDPNYKANRKAVKKPVGYFEFLDALFEREEFYCIREPMLEGDDVMGVIASNPSAFGARKAVIISCDKDFKTIPNCDFLWCTTGNILTQTEESADWWHLFQTIKGDITDGYSGIAGWGDTAEDFLNNPFITEPKTSVLKSGKNKGQEVTKWVKRDPEPHETLWDCIKSIGAKAGMTEEDIIKQGQMARILRFNEYNFIDKEIYLWRP	ATGGCACTTCTTGACCTTAAACAATTCTATGAGTTACGTGAAGGCTGCGACGACAAGGGTATCCTTGTGATGGACGGCGACTGGCTGGTCTTCCAAGCTATGAGTGCTGCTGAGTTTGATGCCTCTTGGGAGGAAGAGATTTGGCACCGATGCTGTGACCACGCTAAGGCCCGTCAGATTCTTGAGGATTCCATTAAGTCCTACGAGACCCGTAAGAAGGCTTGGGCAGGTGCTCCAATTGTCCTTGCGTTCACCGATAGTGTTAACTGGCGTAAAGAACTGGTTGACCCGAACTATAAGGCTAACCGTAAGGCCGTGAAGAAACCTGTAGGGTACTTTGAGTTCCTTGATGCTCTCTTTGAGCGCGAAGAGTTCTATTGCATCCGTGAGCCTATGCTTGAGGGTGATGACGTTATGGGAGTTATTGCTTCCAATCCGTCTGCCTTCGGTGCTCGTAAGGCTGTAATCATCTCTTGCGATAAGGACTTTAAGACCATCCCTAACTGTGACTTCCTGTGGTGTACCACTGGTAACATCCTGACTCAGACCGAAGAGTCCGCTGACTGGTGGCACCTCTTCCAGACCATCAAGGGTGACATCACTGATGGTTACTCAGGGATTGCTGGATGGGGTGATACCGCCGAGGACTTCTTGAATAACCCGTTCATAACCGAGCCTAAAACGTCTGTGCTTAAGTCCGGTAAGAACAAAGGCCAAGAGGTTACTAAATGGGTTAAACGCGACCCTGAGCCTCATGAGACGCTTTGGGACTGCATTAAGTCCATTGGCGCGAAGGCTGGTATGACCGAAGAGGATATTATCAAGCAGGGCCAAATGGCTCGAATCCTACGGTTCAACGAGTACAACTTTATTGACAAGGAGATTTACCTGTGGAGACCGTAG
gene-T7p31	phage	gene-T7p31	1.2374725324978624	0	0	0	0.8858347707231234	1.116686239317946	2.1015301925357948	3054.855306509804	11445.28613551056	5834.951688328473	middle	MAMTKKFKVSFDVTAKMSSDVQAILEKDMLHLCKQVGSGAIVPNGKQKEMIVQFLTHGMEGLMTFVVRTSFREAIKDMHEEYADKDSFKQSPATVREVFLMSDYLKVLQAIKSCPKTFQSNYVRNNASLVAEAASRGHISCLTTSGRNGGAWEITASGTRFLKRMGGCV	ATGGCTATGACAAAGAAATTTAAAGTGTCCTTCGACGTTACCGCAAAGATGTCGTCTGACGTTCAGGCAATCTTAGAGAAAGATATGCTGCATCTATGTAAGCAGGTCGGCTCAGGTGCGATTGTCCCCAATGGTAAACAGAAGGAAATGATTGTCCAGTTCCTGACACACGGTATGGAAGGATTGATGACATTCGTAGTACGTACATCATTTCGTGAGGCCATTAAGGACATGCACGAAGAGTATGCAGATAAGGACTCTTTCAAACAATCTCCTGCAACAGTACGGGAGGTGTTCCTGATGTCTGACTACCTGAAAGTGCTGCAAGCAATCAAAAGTTGCCCTAAGACTTTCCAGTCCAACTATGTACGGAACAATGCGAGCCTCGTAGCGGAGGCCGCTTCCCGTGGTCACATCTCGTGCCTGACTACTAGTGGACGTAACGGTGGCGCTTGGGAAATCACTGCTTCCGGTACTCGCTTTCTGAAACGAATGGGAGGATGTGTCTAA
gene-T7p16	phage	gene-T7p16	1.2876996987569105	0	0	0	0.1657554435654977	0.1986901747609235	0.4342137630159772	269.8620478045568	1663.890114639181	1090.1714219648147	middle	MSNVNTGSLSVDNKKFWATVESSEHSFEVPIYAETLDEALELAEWQYVPAGFEVTRVRPCVAPK	ATGTCAAACGTAAATACAGGTTCACTTAGTGTGGACAATAAGAAGTTTTGGGCTACCGTAGAGTCCTCGGAGCATTCCTTCGAGGTTCCAATCTACGCTGAGACCCTAGACGAAGCTCTGGAGTTAGCCGAATGGCAATACGTTCCGGCTGGCTTTGAGGTTACTCGTGTGCGTCCTTGTGTAGCACCGAAGTAA
gene-T7p50	phage	gene-T7p50	1.368733231929843	0	0	0	1.9622415425550328	5.284413354470312	9.967776899101786	1804.440127596991	20652.4974707432	28703.250401330115	late	MSKIESALQAAQPGLSRLRGGAGGMGYRAATTQAEQPRSSLLDTIGRFAKAGADMYTAKEQRARDLADERSNEIIRKLTPEQRREALNNGTLLYQDDPYAMEALRVKTGRNAAYLVDDDVMQKIKEGVFRTREEMEEYRHSRLQEGAKVYAEQFGIDPEDVDYQRGFNGDITERNISLYGAHDNFLSQQAQKGAIMNSRVELNGVLQDPDMLRRPDSADFFEKYIDNGLVTGAIPSDAQATQLISQAFSDASSRAGGADFLMRVGDKKVTLNGATTTYRELIGEEQWNALMVTAQRSQFETDAKLNEQYRLKINSALNQEDPRTAWEMLQGIKAELDKVQPDEQMTPQREWLISAQEQVQNQMNAWTKAQAKALDDSMKSMNKLDVIDKQFQKRINGEWVSTDFKDMPVNENTGEFKHSDMVNYANKKLAEIDSMDIPDGAKDAMKLKYLQADSKDGAFRTAIGTMVTDAGQEWSAAVINGKLPERTPAMDALRRIRNADPQLIAALYPDQAELFLTMDMMDKQGIDPQVILDADRLTVKRSKEQRFEDDKAFESALNASKAPEIARMPASLRESARKIYDSVKYRSGNESMAMEQMTKFLKESTYTFTGDDVDGDTVGVIPKNMMQVNSDPKSWEQGRDILEEARKGIIASNPWITNKQLTMYSQGDSIYLMDTTGQVRVRYDKELLSKVWSENQKKLEEKAREKALADVNKRAPIVAATKAREAAAKRVREKRKQTPKFIYGRKE	ATGAGTAAAATTGAATCTGCCCTTCAAGCGGCACAACCGGGACTCTCTCGGTTACGTGGTGGTGCTGGAGGTATGGGCTATCGTGCAGCAACCACTCAGGCCGAACAGCCAAGGTCAAGCCTATTGGACACCATTGGTCGGTTCGCTAAGGCTGGTGCCGATATGTATACCGCTAAGGAACAACGAGCACGAGACCTAGCTGATGAACGCTCTAACGAGATTATCCGTAAGCTGACCCCTGAGCAACGTCGAGAAGCTCTCAACAACGGGACCCTTCTGTATCAGGATGACCCATACGCTATGGAAGCACTCCGAGTCAAGACTGGTCGTAACGCTGCGTATCTTGTGGACGATGACGTTATGCAGAAGATAAAAGAGGGTGTCTTCCGTACTCGCGAAGAGATGGAAGAGTATCGCCATAGTCGCCTTCAAGAGGGCGCTAAGGTATACGCTGAGCAGTTCGGCATCGACCCTGAGGACGTTGATTATCAGCGTGGTTTCAACGGGGACATTACCGAGCGTAACATCTCGCTGTATGGTGCGCATGATAACTTCTTGAGCCAGCAAGCTCAGAAGGGCGCTATCATGAACAGCCGAGTGGAACTCAACGGTGTCCTTCAAGACCCTGATATGCTGCGTCGTCCAGACTCTGCTGACTTCTTTGAGAAGTATATCGACAACGGTCTGGTTACTGGCGCAATCCCATCTGATGCTCAAGCCACACAGCTTATAAGCCAAGCGTTCAGTGACGCTTCTAGCCGTGCTGGTGGTGCTGACTTCCTGATGCGAGTCGGTGACAAGAAGGTAACACTTAACGGAGCCACTACGACTTACCGAGAGTTGATTGGTGAGGAACAGTGGAACGCTCTCATGGTCACAGCACAACGTTCTCAGTTTGAGACTGACGCGAAGCTGAACGAGCAGTATCGCTTGAAGATTAACTCTGCGCTGAACCAAGAGGACCCAAGGACAGCTTGGGAGATGCTTCAAGGTATCAAGGCTGAACTAGATAAGGTCCAACCTGATGAGCAGATGACACCACAACGTGAGTGGCTAATCTCCGCACAGGAACAAGTTCAGAATCAGATGAACGCATGGACGAAAGCTCAGGCCAAGGCTCTGGACGATTCCATGAAGTCAATGAACAAACTTGACGTAATCGACAAGCAATTCCAGAAGCGAATCAACGGTGAGTGGGTCTCAACGGATTTTAAGGATATGCCAGTCAACGAGAACACTGGTGAGTTCAAGCATAGCGATATGGTTAACTACGCCAATAAGAAGCTCGCTGAGATTGACAGTATGGACATTCCAGACGGTGCCAAGGATGCTATGAAGTTGAAGTACCTTCAAGCGGACTCTAAGGACGGAGCATTCCGTACAGCCATCGGAACCATGGTCACTGACGCTGGTCAAGAGTGGTCTGCCGCTGTGATTAACGGTAAGTTACCAGAACGAACCCCAGCTATGGATGCTCTGCGCAGAATCCGCAATGCTGACCCTCAGTTGATTGCTGCGCTATACCCAGACCAAGCTGAGCTATTCCTGACGATGGACATGATGGACAAGCAGGGTATTGACCCTCAGGTTATTCTTGATGCCGACCGACTGACTGTTAAGCGGTCCAAAGAGCAACGCTTTGAGGATGATAAAGCATTCGAGTCTGCACTGAATGCATCTAAGGCTCCTGAGATTGCCCGTATGCCAGCGTCACTGCGCGAATCTGCACGTAAGATTTATGACTCCGTTAAGTATCGCTCGGGGAACGAAAGCATGGCTATGGAGCAGATGACCAAGTTCCTTAAGGAATCTACCTACACGTTCACTGGTGATGATGTTGACGGTGATACCGTTGGTGTGATTCCTAAGAATATGATGCAGGTTAACTCTGACCCGAAATCATGGGAGCAAGGTCGGGATATTCTGGAGGAAGCACGTAAGGGAATCATTGCGAGCAACCCTTGGATAACCAATAAGCAACTGACCATGTATTCTCAAGGTGACTCCATTTACCTTATGGACACCACAGGTCAAGTCAGAGTCCGATACGACAAAGAGTTACTCTCGAAGGTCTGGAGTGAGAACCAGAAGAAACTCGAAGAGAAAGCTCGTGAGAAGGCTCTGGCTGATGTGAACAAGCGAGCACCTATAGTTGCCGCTACGAAGGCCCGTGAAGCTGCTGCTAAACGAGTCCGAGAGAAACGTAAACAGACTCCTAAGTTCATCTACGGACGTAAGGAGTAA
gene-T7p59	phage	gene-T7p59	1.535730463768593	0	0	0	0.2853561959912654	1.028531062887502	2.344863742481455	186.4179100428862	3060.479019047998	7154.128731532297	late	MATPIRPLSYSLRRQSNGESRRLSTRVTSVTVCSVRYSVLSFLNTTTVRWKRFVPVV	ATGGCTACTCCGATAAGACCCTTGAGTTACTCGCTAAGAAGGCAAAGCAATGGGGAGTCCAGACGGTTGTCTACGAGAGTAACTTCGGTGACGGTATGTTCGGTAAGGTATTCAGTCCTATCCTTCTTAAACACCACAACTGTGCGATGGAAGAGATTCGTGCCCGTGGTATGA
gene-T7p60	phage	gene-T7p60	1.8174265194014525	0	0	0	0.5523508766610216	1.6782044507726308	4.021047999282251	102.72962104742774	2939.198002562804	14913.55502757874	late	MFRLLLNLLRHRVTYRFLVVLCAALGYASLTGDLSSLESVVCSILTCSD	ATGTTCCGCTTATTGTTGAACCTACTGCGGCATAGAGTCACCTACCGATTTCTTGTGGTACTTTGTGCTGCCCTTGGGTACGCATCTCTTACTGGAGACCTCAGTTCACTGGAGTCTGTCGTTTGCTCTATACTCACTTGTAGCGATTAG
gene-T7p04	phage	gene-T7p04	1.2479213648978047	0	0	0	0.04615469113973	0.581478169675424	118.81800473784202	632.5503968898619	146.97772753791466	132.6439236375006	early	MYMLTIGLLTALGLAVGASFGKALGVAVGSYFTACIIIGIIKGALRK	ATGTATATGCTTACTATCGGTCTACTCACCGCTCTAGGTCTAGCTGTAGGTGCATCCTTTGGGAAGGCTTTAGGTGTAGCTGTAGGTTCCTACTTTACCGCTTGCATCATCATAGGAATCATCAAAGGGGCACTACGCAAATGA
gene-T7p45	phage	gene-T7p45	1.3711109136139603	0	0	0	8.888182321493654	16.698420699994355	45.15326573973991	7773.89115032236	115838.59859765285	149107.59607382253	late	MASMTGGQQMGTNQGKGVVAAGDKLALFLKVFGGEVLTAFARTSVTTSRHMVRSISSGKSAQFPVLGRTQAAYLAPGENLDDKRKDIKHTEKVITIDGLLTADVLIYDIEDAMNHYDVRSEYTSQLGESLAMAADGAVLAEIAGLCNVESKYNENIEGLGTATVIETTQNKAALTDQVALGKEIIAALTKARAALTKNYVPAADRVFYCDPDSYSAILAALMPNAANYAALIDPEKGSIRNVMGFEVVEVPHLTAGGAGTAREGTTGQKHVFPANKGEGNVKVAKDNVIGLFMHRSAVGTVKLRDLALERARRANFQADQIIAKYAMGHGGLRPEAAGAVVFKVE	ATGGCTAGCATGACTGGTGGACAGCAAATGGGTACTAACCAAGGTAAAGGTGTAGTTGCTGCTGGAGATAAACTGGCGTTGTTCTTGAAGGTATTTGGCGGTGAAGTCCTGACTGCGTTCGCTCGTACCTCCGTGACCACTTCTCGCCACATGGTACGTTCCATCTCCAGCGGTAAATCCGCTCAGTTCCCTGTTCTGGGTCGCACTCAGGCAGCGTATCTGGCTCCGGGCGAGAACCTCGACGATAAACGTAAGGACATCAAACACACCGAGAAGGTAATCACCATTGACGGTCTCCTGACGGCTGACGTTCTGATTTATGATATTGAGGACGCGATGAACCACTACGACGTTCGCTCTGAGTATACCTCTCAGTTGGGTGAATCTCTGGCGATGGCTGCGGATGGTGCGGTTCTGGCTGAGATTGCCGGTCTGTGTAACGTGGAAAGCAAATATAATGAGAACATCGAGGGCTTAGGTACTGCTACCGTAATTGAGACCACTCAGAACAAGGCCGCACTTACCGACCAAGTTGCGCTGGGTAAGGAGATTATTGCGGCTCTGACTAAGGCTCGTGCGGCTCTGACCAAGAACTATGTTCCGGCTGCTGACCGTGTGTTCTACTGTGACCCAGATAGCTACTCTGCGATTCTGGCAGCACTGATGCCGAACGCAGCAAACTACGCTGCTCTGATTGACCCTGAGAAGGGTTCTATCCGCAACGTTATGGGCTTTGAGGTTGTAGAAGTTCCGCACCTCACCGCTGGTGGTGCTGGTACCGCTCGTGAGGGCACTACTGGTCAGAAGCACGTCTTCCCTGCCAATAAAGGTGAGGGTAATGTCAAGGTTGCTAAGGACAACGTTATCGGCCTGTTCATGCACCGCTCTGCGGTAGGTACTGTTAAGCTGCGTGACTTGGCTCTGGAGCGCGCTCGCCGTGCTAACTTCCAAGCGGACCAGATTATCGCTAAGTACGCAATGGGCCACGGTGGTCTTCGCCCAGAAGCTGCTGGTGCAGTGGTTTTCAAAGTGGAGTAA
